SK_ID_CURR,AMT_INCOME_TOTAL,AMT_CREDIT,REGION_POPULATION_RELATIVE,DAYS_BIRTH,DAYS_EMPLOYED,DAYS_REGISTRATION,DAYS_ID_PUBLISH,CNT_FAM_MEMBERS,HOUR_APPR_PROCESS_START,EXT_SOURCE_2,EXT_SOURCE_3,OBS_60_CNT_SOCIAL_CIRCLE,DEF_60_CNT_SOCIAL_CIRCLE,DAYS_LAST_PHONE_CHANGE,AMT_REQ_CREDIT_BUREAU_HOUR,AMT_REQ_CREDIT_BUREAU_DAY,AMT_REQ_CREDIT_BUREAU_WEEK,AMT_REQ_CREDIT_BUREAU_MON,AMT_REQ_CREDIT_BUREAU_QRT,AMT_REQ_CREDIT_BUREAU_YEAR,NAME_CONTRACT_TYPE,CODE_GENDER,FLAG_OWN_CAR,FLAG_OWN_REALTY,NAME_TYPE_SUITE,NAME_INCOME_TYPE,NAME_EDUCATION_TYPE,NAME_FAMILY_STATUS,NAME_HOUSING_TYPE,FLAG_MOBIL,FLAG_EMP_PHONE,FLAG_WORK_PHONE,FLAG_CONT_MOBILE,FLAG_PHONE,FLAG_EMAIL,OCCUPATION_TYPE,REGION_RATING_CLIENT,REGION_RATING_CLIENT_W_CITY,WEEKDAY_APPR_PROCESS_START,REG_REGION_NOT_LIVE_REGION,REG_REGION_NOT_WORK_REGION,LIVE_REGION_NOT_WORK_REGION,REG_CITY_NOT_LIVE_CITY,REG_CITY_NOT_WORK_CITY,LIVE_CITY_NOT_WORK_CITY,ORGANIZATION_TYPE,FLAG_DOCUMENT_2,FLAG_DOCUMENT_3,FLAG_DOCUMENT_4,FLAG_DOCUMENT_5,FLAG_DOCUMENT_6,FLAG_DOCUMENT_7,FLAG_DOCUMENT_8,FLAG_DOCUMENT_9,FLAG_DOCUMENT_10,FLAG_DOCUMENT_11,FLAG_DOCUMENT_12,FLAG_DOCUMENT_13,FLAG_DOCUMENT_14,FLAG_DOCUMENT_15,FLAG_DOCUMENT_16,FLAG_DOCUMENT_17,FLAG_DOCUMENT_18,FLAG_DOCUMENT_19,FLAG_DOCUMENT_20,FLAG_DOCUMENT_21,TARGET
304640,130500.0,284400.0,0.032561,-24360,-3388,-9011.0,-4486,1.0,10,0.2821226334198544,0.5352762504724826,0.0,0.0,-1108.0,0.0,0.0,0.0,0.0,0.0,1.0,Cash loans,F,N,N,Unaccompanied,Working,Secondary / secondary special,Widow,Municipal apartment,1,1,0,1,1,0,Sales staff,1,1,FRIDAY,0,0,0,0,0,0,Advertising,0,1,0,0,0,0,0,0,0,0,0,0,0,0,0,0,0,0,0,0,0
187389,225000.0,450000.0,0.020713,-19237,-11880,-612.0,-2783,1.0,13,0.5411562815779336,0.7076993447402619,0.0,0.0,-1564.0,0.0,0.0,0.0,1.0,0.0,2.0,Revolving loans,F,N,Y,Unaccompanied,Working,Secondary / secondary special,Single / not married,House / apartment,1,1,0,1,0,0,Laborers,3,2,SATURDAY,0,0,0,0,0,0,Industry: type 7,0,0,0,0,0,0,0,0,0,0,0,0,0,0,0,0,0,0,0,0,0
369836,225000.0,381528.0,0.004849,-11513,-2504,-5153.0,-2980,2.0,11,0.0501632541017033,0.5352762504724826,0.0,0.0,-301.0,0.0,0.0,0.0,0.0,0.0,4.0,Cash loans,M,Y,N,Unaccompanied,Commercial associate,Secondary / secondary special,Married,House / apartment,1,1,1,1,0,0,Laborers,2,2,MONDAY,0,0,0,0,0,0,Self-employed,0,1,0,0,0,0,0,0,0,0,0,0,0,0,0,0,0,0,0,0,0
330971,130500.0,312768.0,0.030755,-21956,0,-9927.0,-4448,2.0,15,0.6237968293837545,0.6363761710860439,2.0,1.0,-644.0,0.0,0.0,0.0,1.0,0.0,5.0,Cash loans,F,N,Y,Family,Pensioner,Secondary / secondary special,Married,House / apartment,1,0,0,1,0,0,Laborers,2,2,SATURDAY,0,0,0,0,0,0,XNA,0,1,0,0,0,0,0,0,0,0,0,0,0,0,0,0,0,0,0,0,0
180058,180000.0,239418.0,0.031329,-19314,-3166,-5578.0,-2861,1.0,15,0.5874441368624914,0.5638350489514956,0.0,0.0,-2779.0,0.0,0.0,0.0,0.0,0.0,6.0,Cash loans,F,N,Y,Unaccompanied,Commercial associate,Secondary / secondary special,Single / not married,House / apartment,1,1,0,1,0,0,Accountants,2,2,MONDAY,0,0,0,0,0,0,Business Entity Type 3,0,1,0,0,0,0,0,0,0,0,0,0,0,0,0,0,0,0,0,0,0
387878,135000.0,405000.0,0.006233,-16633,-754,-6950.0,-3853,2.0,13,0.6494068136349576,0.5849900404894085,5.0,0.0,-1070.0,0.0,0.0,0.0,0.0,0.0,0.0,Revolving loans,F,N,Y,Unaccompanied,Commercial associate,Secondary / secondary special,Married,House / apartment,1,1,0,1,1,0,Laborers,2,2,MONDAY,0,0,0,0,0,0,Business Entity Type 3,0,1,0,0,0,0,0,0,0,0,0,0,0,0,0,0,0,0,0,0,0
338051,292500.0,691020.0,0.04622,-16894,-3926,-10117.0,-452,2.0,13,0.6250583992922663,0.213966852261798,1.0,0.0,-1785.0,0.0,0.0,0.0,0.0,0.0,5.0,Cash loans,F,Y,Y,Family,Commercial associate,Higher education,Married,House / apartment,1,1,0,1,0,0,Laborers,1,1,SATURDAY,0,0,0,0,1,1,Business Entity Type 1,0,1,0,0,0,0,0,0,0,0,0,0,0,0,0,0,0,0,0,0,0
330086,157500.0,130824.0,0.01885,-16994,-2555,-1585.0,-550,1.0,10,0.6705180435039156,0.6863823354047934,1.0,0.0,-1029.0,0.0,0.0,0.0,0.0,0.0,4.0,Cash loans,F,N,Y,Unaccompanied,Working,Higher education,Widow,House / apartment,1,1,0,1,0,0,Laborers,2,2,SATURDAY,0,0,0,0,0,0,Other,0,1,0,0,0,0,0,0,0,0,0,0,0,0,0,0,0,0,0,0,0
226481,180000.0,993082.5,0.04622,-10548,-1112,-4983.0,-2322,2.0,10,0.6696575438898269,0.0867312636469601,1.0,0.0,-201.0,0.0,0.0,0.0,0.0,0.0,8.0,Cash loans,F,N,N,Unaccompanied,Working,Higher education,Married,House / apartment,1,1,0,1,0,0,Accountants,1,1,WEDNESDAY,0,0,0,0,1,1,Industry: type 11,0,1,0,0,0,0,0,0,0,0,0,0,0,0,0,0,0,0,0,0,0
443336,247500.0,417024.0,0.072508,-21998,-1234,-3777.0,-4760,1.0,11,0.7249732227642984,0.5971924268337128,0.0,0.0,-421.0,0.0,0.0,0.0,0.0,0.0,2.0,Cash loans,F,Y,Y,Unaccompanied,Commercial associate,Higher education,Widow,House / apartment,1,1,0,1,1,0,Laborers,1,1,TUESDAY,0,1,1,0,0,0,Medicine,0,1,0,0,0,0,0,0,0,0,0,0,0,0,0,0,0,0,0,0,0
170861,180000.0,454500.0,0.0035409999999999,-18153,-1548,-850.0,-1674,1.0,8,0.6253914582259202,0.7281412993111438,2.0,0.0,-591.0,0.0,0.0,0.0,0.0,0.0,2.0,Cash loans,F,N,N,Unaccompanied,Commercial associate,Secondary / secondary special,Widow,Municipal apartment,1,1,0,1,0,0,High skill tech staff,1,1,FRIDAY,0,0,0,0,0,0,Transport: type 3,0,1,0,0,0,0,0,0,0,0,0,0,0,0,0,0,0,0,0,0,0
420114,112500.0,204768.0,0.025164,-20791,-8778,-8335.0,-4118,1.0,14,0.2652563401861944,0.7838324335199619,1.0,0.0,-121.0,0.0,0.0,0.0,0.0,0.0,5.0,Cash loans,M,N,Y,Unaccompanied,Working,Secondary / secondary special,Single / not married,House / apartment,1,1,0,1,0,0,Laborers,2,2,SATURDAY,0,0,0,0,0,0,Business Entity Type 2,0,1,0,0,0,0,0,0,0,0,0,0,0,0,0,0,0,0,0,0,0
402601,112500.0,312840.0,0.025164,-19684,-5459,-10800.0,-3248,2.0,16,0.5960811996055599,0.5334816299804352,4.0,0.0,0.0,0.0,0.0,0.0,0.0,0.0,1.0,Cash loans,F,N,N,Unaccompanied,Commercial associate,Secondary / secondary special,Married,House / apartment,1,1,0,1,0,0,High skill tech staff,2,2,TUESDAY,0,0,0,0,0,0,Business Entity Type 2,0,1,0,0,0,0,0,0,0,0,0,0,0,0,0,0,0,0,0,0,0
113039,247500.0,180000.0,0.0116569999999999,-8026,-673,-7196.0,-686,1.0,17,0.3736340752396756,0.5352762504724826,0.0,0.0,0.0,0.0,0.0,0.0,0.0,0.0,1.0,Revolving loans,F,N,Y,Unaccompanied,State servant,Secondary / secondary special,Single / not married,House / apartment,1,1,0,1,0,0,Medicine staff,1,1,TUESDAY,0,0,0,0,0,0,Medicine,0,0,0,0,0,0,0,0,0,0,0,0,0,0,0,0,0,0,0,0,0
392448,135000.0,254700.0,0.010032,-23799,0,-828.0,-4513,2.0,9,0.6330845419711157,0.4686596550493113,0.0,0.0,-1047.0,0.0,0.0,0.0,0.0,0.0,2.0,Cash loans,F,N,Y,Unaccompanied,Pensioner,Secondary / secondary special,Married,House / apartment,1,0,0,1,1,0,Laborers,2,2,SATURDAY,0,0,0,0,0,0,XNA,0,0,0,0,1,0,0,0,0,0,0,0,0,0,0,0,0,0,0,0,0
220627,112500.0,337500.0,0.028663,-12559,-2151,-3569.0,-4530,1.0,16,0.5468682537853087,0.6801388218428291,0.0,0.0,-616.0,0.0,0.0,0.0,0.0,0.0,2.0,Revolving loans,F,N,Y,Unaccompanied,Working,Secondary / secondary special,Widow,House / apartment,1,1,0,1,0,0,Laborers,2,2,TUESDAY,0,0,0,0,1,1,Business Entity Type 2,0,1,0,0,0,0,0,0,0,0,0,0,0,0,0,0,0,0,0,0,0
312096,360000.0,1207143.0,0.0116569999999999,-13946,-579,-115.0,-4496,2.0,11,0.6567343514525287,0.6041125998015721,0.0,0.0,-1473.0,0.0,0.0,0.0,0.0,2.0,2.0,Cash loans,M,Y,Y,Unaccompanied,Commercial associate,Secondary / secondary special,Married,House / apartment,1,1,0,1,1,0,Managers,1,1,SUNDAY,0,0,0,0,0,0,Business Entity Type 3,0,1,0,0,0,0,0,0,0,0,0,0,0,0,0,0,0,0,0,0,0
433507,112500.0,1321902.0,0.035792,-16235,-986,-729.0,-3733,1.0,18,0.3578596516621369,0.5352762504724826,0.0,0.0,-421.0,0.0,0.0,0.0,0.0,0.0,2.0,Cash loans,F,N,Y,Unaccompanied,Commercial associate,Secondary / secondary special,Single / not married,House / apartment,1,1,0,1,0,0,Laborers,2,2,WEDNESDAY,0,0,0,0,0,0,Other,0,1,0,0,0,0,0,0,0,0,0,0,0,0,0,0,0,0,0,0,0
260787,211500.0,797557.5,0.0196889999999999,-17683,-2912,-2902.0,-1220,3.0,7,0.6170507604395854,0.5495965024956946,0.0,0.0,-2239.0,0.0,0.0,0.0,0.0,0.0,3.0,Cash loans,F,Y,Y,Unaccompanied,State servant,Higher education,Married,House / apartment,1,1,0,1,0,0,Core staff,2,2,FRIDAY,0,0,0,0,0,0,Medicine,0,1,0,0,0,0,0,0,0,0,0,0,0,0,0,0,0,0,0,0,0
333109,94500.0,452385.0,0.030755,-22883,0,-9675.0,-4363,1.0,9,0.6956452527181629,0.3774042489507649,0.0,0.0,-3.0,0.0,0.0,0.0,0.0,0.0,0.0,Cash loans,F,N,Y,Unaccompanied,Pensioner,Secondary / secondary special,Separated,House / apartment,1,0,0,1,0,0,Laborers,2,2,THURSDAY,0,0,0,0,0,0,XNA,0,0,0,0,1,0,0,0,0,0,0,0,0,0,0,0,0,0,0,0,0
112504,153000.0,573628.5,0.025164,-10681,-344,-5158.0,-3360,2.0,13,0.6471481114481508,0.6848276586890367,1.0,0.0,-1491.0,0.0,0.0,0.0,1.0,1.0,0.0,Cash loans,M,Y,Y,Unaccompanied,Working,Higher education,Married,Municipal apartment,1,1,0,1,0,0,Managers,2,2,THURSDAY,0,0,0,1,1,0,Other,0,0,0,0,0,0,1,0,0,0,0,0,0,0,0,0,0,0,0,0,0
277017,112500.0,260640.0,0.009175,-11859,-355,-5263.0,-3744,3.0,16,0.7041102098198005,0.6195277080511546,0.0,0.0,-2226.0,0.0,0.0,0.0,0.0,0.0,0.0,Cash loans,F,N,Y,Unaccompanied,Working,Secondary / secondary special,Civil marriage,House / apartment,1,1,0,1,1,0,Sales staff,2,2,TUESDAY,0,0,0,0,0,0,Self-employed,0,1,0,0,0,0,0,0,0,0,0,0,0,0,0,0,0,0,0,0,0
418296,180000.0,247500.0,0.026392,-12159,-3454,-1122.0,-4291,2.0,12,0.6766289719905011,0.4489622731076524,2.0,1.0,0.0,0.0,0.0,0.0,1.0,0.0,6.0,Cash loans,M,Y,Y,Family,Working,Secondary / secondary special,Married,House / apartment,1,1,0,1,0,0,Laborers,2,2,WEDNESDAY,0,0,0,0,1,1,Business Entity Type 1,0,1,0,0,0,0,0,0,0,0,0,0,0,0,0,0,0,0,0,0,0
100798,81000.0,454500.0,0.018209,-16658,-409,-4717.0,-210,1.0,10,0.559822472355241,0.7062051096536562,6.0,3.0,-1229.0,0.0,0.0,0.0,0.0,0.0,3.0,Cash loans,M,N,Y,Unaccompanied,Working,Secondary / secondary special,Separated,House / apartment,1,1,0,1,0,0,Laborers,3,3,WEDNESDAY,0,0,0,0,1,1,Business Entity Type 2,0,1,0,0,0,0,0,0,0,0,0,0,0,0,0,0,0,0,0,0,0
347267,202500.0,615897.0,0.010643,-15381,-3583,-8163.0,-4348,1.0,16,0.4690442282902486,0.7583930617144343,2.0,0.0,-3181.0,0.0,0.0,0.0,0.0,0.0,3.0,Cash loans,F,N,Y,Unaccompanied,Working,Secondary / secondary special,Separated,House / apartment,1,1,0,1,1,1,Laborers,2,2,THURSDAY,0,0,0,0,0,0,Business Entity Type 3,0,1,0,0,0,0,0,0,0,0,0,0,0,0,0,0,0,0,0,0,0
336546,157500.0,1058148.0,0.008575,-17424,-2666,-7486.0,-980,2.0,9,0.670976831989264,0.5316861425197883,6.0,0.0,-559.0,0.0,0.0,0.0,0.0,0.0,4.0,Cash loans,M,N,Y,Unaccompanied,Working,Secondary / secondary special,Married,House / apartment,1,1,1,1,0,0,Laborers,2,2,MONDAY,0,0,0,0,0,0,Business Entity Type 1,0,1,0,0,0,0,0,0,0,0,0,0,0,0,0,0,0,0,0,0,0
165548,315000.0,728833.5,0.032561,-16248,-3991,-1754.0,-1808,3.0,14,0.6823911629237606,0.6817058776720116,1.0,0.0,-1.0,0.0,0.0,0.0,1.0,0.0,0.0,Cash loans,M,N,Y,Family,Commercial associate,Higher education,Married,House / apartment,1,1,0,1,0,0,Cooking staff,1,1,SUNDAY,0,0,0,0,0,0,Business Entity Type 3,0,1,0,0,0,0,0,0,0,0,0,0,0,0,0,0,0,0,0,0,0
216836,90000.0,1293502.5,0.019101,-18186,-1990,-7100.0,-1732,3.0,6,0.7084921247576248,0.6722428897082422,0.0,0.0,-1720.0,0.0,0.0,0.0,0.0,2.0,1.0,Cash loans,F,Y,Y,Unaccompanied,Working,Secondary / secondary special,Married,House / apartment,1,1,1,1,1,0,Cleaning staff,2,2,FRIDAY,0,0,0,0,0,0,Business Entity Type 3,0,1,0,0,0,0,0,0,0,0,0,0,0,0,0,0,0,0,0,0,0
144463,112500.0,180000.0,0.006629,-9801,-851,-1294.0,-822,2.0,10,0.2663488172078408,0.5352762504724826,11.0,0.0,-696.0,0.0,0.0,0.0,0.0,0.0,1.0,Revolving loans,F,N,Y,Unaccompanied,Commercial associate,Higher education,Married,House / apartment,1,1,0,1,0,0,Laborers,2,2,SUNDAY,0,0,0,0,0,0,Business Entity Type 3,0,0,0,0,0,0,0,0,0,0,0,0,0,0,0,0,0,0,0,0,0
178743,157500.0,135000.0,0.010147,-20542,0,-7366.0,-3833,1.0,14,0.6085936879724012,0.8027454758994178,0.0,0.0,-475.0,0.0,0.0,0.0,0.0,1.0,0.0,Revolving loans,F,N,Y,Unaccompanied,Pensioner,Secondary / secondary special,Widow,House / apartment,1,0,0,1,0,0,Laborers,2,2,TUESDAY,0,0,0,0,0,0,XNA,0,0,0,0,0,0,0,0,0,0,0,0,0,0,0,0,0,0,0,0,0
175786,162000.0,1056447.0,0.025164,-14886,-7016,-4706.0,-4706,2.0,13,0.0118785550470113,0.4938628816996244,0.0,0.0,0.0,0.0,0.0,0.0,0.0,0.0,0.0,Cash loans,F,Y,Y,Unaccompanied,Working,Higher education,Married,House / apartment,1,1,0,1,0,0,Core staff,2,2,THURSDAY,0,0,0,0,0,0,Kindergarten,0,1,0,0,0,0,0,0,0,0,0,0,0,0,0,0,0,0,0,0,0
218585,202500.0,536917.5,0.020246,-13884,-3367,-1128.0,-4779,4.0,9,0.5088955839272001,0.4902575124990026,3.0,0.0,-670.0,0.0,0.0,0.0,0.0,1.0,1.0,Cash loans,M,N,Y,"Spouse, partner",State servant,Secondary / secondary special,Married,House / apartment,1,1,0,1,0,0,Core staff,3,3,WEDNESDAY,0,0,0,0,0,0,Military,0,1,0,0,0,0,0,0,0,0,0,0,0,0,0,0,0,0,0,0,0
307043,202500.0,700830.0,0.0088659999999999,-10216,-239,-7720.0,-870,2.0,13,0.2539015054135639,0.1556893746835917,0.0,0.0,-1381.0,0.0,0.0,0.0,0.0,1.0,3.0,Cash loans,F,N,N,Unaccompanied,Working,Secondary / secondary special,Married,Rented apartment,1,1,0,1,0,0,Laborers,2,2,WEDNESDAY,0,0,0,0,0,0,Business Entity Type 3,0,1,0,0,0,0,0,0,0,0,0,0,0,0,0,0,0,0,0,0,0
334181,153000.0,315000.0,0.028663,-10089,-116,-4727.0,-2769,1.0,8,0.5992046810801049,0.3328505641648731,0.0,0.0,0.0,0.0,0.0,0.0,0.0,2.0,3.0,Cash loans,M,Y,N,Unaccompanied,Working,Secondary / secondary special,Single / not married,House / apartment,1,1,0,1,0,0,Laborers,2,2,SUNDAY,0,0,0,0,0,0,Construction,0,1,0,0,0,0,0,0,0,0,0,0,0,0,0,0,0,0,0,0,0
138065,270000.0,835380.0,0.072508,-11437,-1199,-2398.0,-2636,3.0,14,0.5769712422572617,0.3876253444214701,0.0,0.0,-310.0,0.0,0.0,0.0,0.0,0.0,1.0,Cash loans,F,N,N,"Spouse, partner",Commercial associate,Higher education,Married,House / apartment,1,1,0,1,1,0,Laborers,1,1,MONDAY,0,0,0,0,0,0,Business Entity Type 1,0,1,0,0,0,0,0,0,0,0,0,0,0,0,0,0,0,0,0,0,0
449959,121500.0,134316.0,0.0060079999999999,-13714,-757,-7808.0,-4662,4.0,16,0.6445321861334664,0.3825018041447388,0.0,0.0,-2643.0,0.0,0.0,0.0,1.0,0.0,6.0,Cash loans,M,Y,Y,Unaccompanied,Working,Secondary / secondary special,Married,House / apartment,1,1,0,1,0,0,Managers,2,2,WEDNESDAY,0,0,0,0,0,0,Self-employed,0,1,0,0,0,0,0,0,0,0,0,0,0,0,0,0,0,0,0,0,0
378008,225000.0,286704.0,0.0228,-14077,-3792,-6936.0,-2195,2.0,8,0.4547236800222559,0.3457848024695955,6.0,0.0,-1007.0,0.0,0.0,0.0,0.0,0.0,7.0,Cash loans,F,N,Y,Unaccompanied,Working,Secondary / secondary special,Separated,House / apartment,1,1,0,1,0,0,Laborers,2,2,MONDAY,0,0,0,0,0,0,School,0,1,0,0,0,0,0,0,0,0,0,0,0,0,0,0,0,0,0,0,0
318324,144000.0,202500.0,0.028663,-20924,0,-4310.0,-4467,1.0,15,0.6586297752174068,0.7407990879702335,0.0,0.0,-1582.0,0.0,0.0,0.0,0.0,0.0,4.0,Revolving loans,F,N,N,Unaccompanied,Pensioner,Secondary / secondary special,Separated,House / apartment,1,0,0,1,0,0,Laborers,2,2,TUESDAY,0,0,0,0,0,0,XNA,0,0,0,0,0,0,0,0,0,0,0,0,0,0,0,0,0,0,0,0,0
196465,225000.0,452385.0,0.035792,-16462,-704,-9172.0,-5,2.0,10,0.6357674836801406,0.6863823354047934,2.0,0.0,-2877.0,0.0,0.0,0.0,0.0,0.0,5.0,Cash loans,M,Y,Y,Unaccompanied,Working,Incomplete higher,Married,House / apartment,1,1,0,1,1,0,Drivers,2,2,SATURDAY,0,0,0,0,0,0,Business Entity Type 3,0,1,0,0,0,0,0,0,0,0,0,0,0,0,0,0,0,0,0,0,0
289992,315000.0,490495.5,0.018801,-15159,-6705,-8423.0,-5059,2.0,7,0.5685809721426311,0.5262949398096192,8.0,1.0,-1876.0,0.0,0.0,0.0,0.0,0.0,2.0,Cash loans,F,Y,Y,Unaccompanied,Commercial associate,Higher education,Married,House / apartment,1,1,0,1,0,0,Managers,2,2,WEDNESDAY,0,0,0,0,0,0,School,0,0,0,0,0,0,1,0,0,0,0,0,0,0,0,0,0,0,0,0,0
347837,211500.0,270000.0,0.0038179999999999,-9791,-947,-4480.0,-2474,2.0,9,0.5586905495201231,0.6263042766749393,5.0,0.0,-514.0,0.0,0.0,0.0,0.0,0.0,8.0,Cash loans,M,Y,N,Unaccompanied,Commercial associate,Secondary / secondary special,Married,House / apartment,1,1,0,1,1,1,Sales staff,2,2,TUESDAY,0,0,0,0,0,0,Business Entity Type 3,0,0,0,1,0,0,0,0,0,0,0,0,0,0,0,0,0,0,0,0,0
115784,135000.0,52128.0,0.0072739999999999,-23176,0,-10146.0,-4857,1.0,11,0.0782921435583397,0.8083935912119442,1.0,0.0,-390.0,0.0,0.0,0.0,0.0,0.0,4.0,Cash loans,F,N,Y,Unaccompanied,Pensioner,Secondary / secondary special,Widow,House / apartment,1,0,0,1,0,0,Laborers,2,2,SUNDAY,0,0,0,0,0,0,XNA,0,1,0,0,0,0,0,0,0,0,0,0,0,0,0,0,0,0,0,0,0
317317,99000.0,675000.0,0.026392,-22866,0,-2078.0,-4367,2.0,14,0.4725746874672691,0.5352762504724826,0.0,0.0,-421.0,0.0,0.0,0.0,0.0,0.0,1.0,Cash loans,M,N,N,Unaccompanied,Pensioner,Secondary / secondary special,Married,House / apartment,1,0,0,1,1,0,Laborers,2,2,THURSDAY,0,0,0,0,0,0,XNA,0,0,0,0,1,0,0,0,0,0,0,0,0,0,0,0,0,0,0,0,0
348524,67500.0,178290.0,0.035792,-13676,-3274,-807.0,-4407,3.0,10,0.378719449347407,0.5352762504724826,4.0,3.0,0.0,0.0,0.0,0.0,0.0,0.0,1.0,Cash loans,M,Y,Y,"Spouse, partner",Working,Secondary / secondary special,Married,House / apartment,1,1,0,1,1,0,Drivers,2,2,MONDAY,0,0,0,0,0,0,Security,0,1,0,0,0,0,0,0,0,0,0,0,0,0,0,0,0,0,0,0,0
345640,157500.0,472500.0,0.015221,-13263,-1567,-699.0,-709,3.0,9,0.5254119675464457,0.4014074137749511,3.0,0.0,-114.0,1.0,0.0,0.0,0.0,0.0,2.0,Cash loans,F,Y,Y,Family,Working,Higher education,Married,House / apartment,1,1,0,1,0,0,Accountants,2,2,THURSDAY,0,0,0,0,0,0,Business Entity Type 3,0,1,0,0,0,0,0,0,0,0,0,0,0,0,0,0,0,0,0,0,0
294894,292500.0,841500.0,0.028663,-20047,-10233,-9981.0,-3599,2.0,13,0.3907433476765628,0.6263042766749393,1.0,0.0,-535.0,0.0,0.0,0.0,0.0,0.0,1.0,Cash loans,F,Y,Y,Unaccompanied,State servant,Secondary / secondary special,Married,House / apartment,1,1,0,1,0,1,Core staff,2,2,TUESDAY,0,0,0,0,0,0,Medicine,0,0,0,0,1,0,0,0,0,0,0,0,0,0,0,0,0,0,0,0,0
297831,36000.0,284400.0,0.028663,-9609,-2929,-1823.0,-1840,2.0,12,0.3721409148432283,0.5352762504724826,0.0,0.0,-1240.0,0.0,0.0,0.0,0.0,0.0,1.0,Cash loans,F,N,N,Unaccompanied,Working,Higher education,Married,House / apartment,1,1,0,1,0,0,High skill tech staff,2,2,MONDAY,0,0,0,0,0,0,Other,0,1,0,0,0,0,0,0,0,0,0,0,0,0,0,0,0,0,0,0,0
236312,108000.0,1039702.5,0.016612,-19980,-404,-3436.0,-3533,2.0,14,0.6151059985125763,0.3656165070113335,0.0,0.0,-2.0,0.0,0.0,0.0,0.0,0.0,0.0,Cash loans,F,Y,N,Unaccompanied,Working,Higher education,Married,House / apartment,1,1,1,1,0,0,HR staff,2,2,MONDAY,0,0,0,0,0,0,Business Entity Type 3,0,1,0,0,0,0,0,0,0,0,0,0,0,0,0,0,0,0,0,0,0
102970,135000.0,545040.0,0.019101,-14388,-1686,-272.0,-4096,2.0,10,0.5433816862287429,0.5531646987710016,1.0,0.0,-181.0,0.0,0.0,0.0,0.0,0.0,2.0,Cash loans,F,Y,Y,Unaccompanied,Working,Secondary / secondary special,Married,House / apartment,1,1,0,1,0,0,Core staff,2,2,THURSDAY,0,0,0,0,0,0,Postal,0,1,0,0,0,0,0,0,0,0,0,0,0,0,0,0,0,0,0,0,0
209503,148500.0,225000.0,0.022625,-11874,-2032,-4389.0,-4149,1.0,19,0.6142099601190864,0.5082869913916046,5.0,0.0,-466.0,0.0,0.0,0.0,0.0,0.0,2.0,Revolving loans,M,N,N,Unaccompanied,Commercial associate,Higher education,Single / not married,House / apartment,1,1,0,1,0,0,Laborers,2,2,TUESDAY,0,0,0,0,1,1,Security Ministries,0,0,0,0,0,0,0,0,0,0,0,0,0,0,0,0,0,0,0,0,0
229917,112500.0,247500.0,0.010276,-16824,-1351,-8777.0,-357,2.0,10,0.344724781821659,0.5100895276257282,3.0,0.0,-1972.0,0.0,0.0,0.0,0.0,0.0,7.0,Revolving loans,F,N,N,Unaccompanied,Commercial associate,Secondary / secondary special,Married,House / apartment,1,1,0,1,0,0,Core staff,2,2,MONDAY,0,0,0,0,0,0,Postal,0,0,0,0,0,0,0,0,0,0,0,0,0,0,0,0,0,0,0,0,0
120856,108000.0,1178217.0,0.031329,-23666,0,-5516.0,-5516,2.0,8,0.6052235470346367,0.8528284668510541,0.0,0.0,-1799.0,0.0,0.0,0.0,1.0,0.0,1.0,Cash loans,F,N,Y,Unaccompanied,Pensioner,Secondary / secondary special,Married,House / apartment,1,0,0,1,0,0,Laborers,2,2,FRIDAY,0,0,0,0,0,0,XNA,0,1,0,0,0,0,0,0,0,0,0,0,0,0,0,0,0,0,0,0,0
418156,270000.0,592560.0,0.04622,-13351,-236,-7427.0,-4191,2.0,15,0.6652163342685601,0.6940926425266661,0.0,0.0,-1418.0,0.0,0.0,0.0,0.0,1.0,4.0,Cash loans,F,N,Y,Unaccompanied,Commercial associate,Secondary / secondary special,Married,House / apartment,1,1,0,1,0,0,Sales staff,1,1,TUESDAY,0,0,0,0,0,0,Business Entity Type 3,0,1,0,0,0,0,0,0,0,0,0,0,0,0,0,0,0,0,0,0,0
182157,90000.0,351000.0,0.018209,-22731,0,-9916.0,-4331,1.0,8,0.3918423366088695,0.8327850252992314,0.0,0.0,-601.0,0.0,0.0,0.0,0.0,0.0,2.0,Cash loans,F,Y,Y,Children,Pensioner,Secondary / secondary special,Widow,House / apartment,1,0,0,1,0,0,Laborers,3,3,TUESDAY,0,0,0,0,0,0,XNA,0,0,0,0,1,0,0,0,0,0,0,0,0,0,0,0,0,0,0,0,0
327936,112500.0,711000.0,0.010966,-15122,-826,-544.0,-4582,1.0,9,0.2366266020321532,0.5352762504724826,6.0,0.0,-329.0,0.0,0.0,0.0,0.0,0.0,1.0,Cash loans,F,N,Y,Unaccompanied,Working,Secondary / secondary special,Separated,House / apartment,1,1,0,1,0,0,Medicine staff,2,2,SATURDAY,0,0,0,0,0,0,Other,0,1,0,0,0,0,0,0,0,0,0,0,0,0,0,0,0,0,0,0,0
266327,76500.0,180000.0,0.009549,-14056,-269,-3513.0,-4431,3.0,10,0.2135146020258022,0.1393757800997895,0.0,0.0,-668.0,0.0,0.0,0.0,0.0,0.0,1.0,Cash loans,M,Y,Y,Unaccompanied,Working,Secondary / secondary special,Married,House / apartment,1,1,1,1,1,0,Laborers,2,2,TUESDAY,0,0,0,0,1,1,Other,0,1,0,0,0,0,0,0,0,0,0,0,0,0,0,0,0,0,0,0,0
396632,112500.0,585000.0,0.015221,-20403,-4982,-8340.0,-3759,2.0,13,0.3302393733571632,0.1519345490496476,0.0,0.0,0.0,0.0,0.0,0.0,0.0,0.0,1.0,Cash loans,M,Y,N,Children,Working,Secondary / secondary special,Married,With parents,1,1,0,1,1,0,Laborers,2,2,FRIDAY,0,0,0,0,0,0,Housing,0,1,0,0,0,0,0,0,0,0,0,0,0,0,0,0,0,0,0,0,0
310977,157500.0,1183963.5,0.022625,-12321,-996,-1255.0,-4351,3.0,13,0.6426059845351004,0.3409064264152384,0.0,0.0,-101.0,0.0,0.0,0.0,1.0,0.0,2.0,Cash loans,F,Y,N,Unaccompanied,Working,Higher education,Civil marriage,House / apartment,1,1,0,1,0,0,Sales staff,2,2,WEDNESDAY,0,0,0,0,0,0,Self-employed,0,1,0,0,0,0,0,0,0,0,0,0,0,0,0,0,0,0,0,0,0
149221,74250.0,76410.0,0.018209,-22145,0,-4088.0,-4334,1.0,10,0.5315857578552494,0.5797274227921155,1.0,1.0,-711.0,0.0,0.0,0.0,0.0,0.0,1.0,Cash loans,F,N,Y,Unaccompanied,Pensioner,Secondary / secondary special,Separated,House / apartment,1,0,0,1,0,0,Laborers,3,3,TUESDAY,0,0,0,0,0,0,XNA,0,1,0,0,0,0,0,0,0,0,0,0,0,0,0,0,0,0,0,0,0
325727,270000.0,1288350.0,0.00733,-21656,-5052,-10762.0,-4609,2.0,10,0.7030932404343011,0.0932250953774744,0.0,0.0,-1812.0,0.0,0.0,0.0,0.0,0.0,3.0,Cash loans,F,N,Y,Unaccompanied,Working,Secondary / secondary special,Civil marriage,House / apartment,1,1,0,1,1,0,Laborers,2,2,FRIDAY,0,0,0,0,0,0,Other,0,1,0,0,0,0,0,0,0,0,0,0,0,0,0,0,0,0,0,0,0
202884,90000.0,180000.0,0.00496,-11753,-140,-2842.0,-2833,3.0,10,0.1266195574788203,0.3910549766342248,9.0,0.0,-173.0,0.0,0.0,0.0,0.0,0.0,1.0,Revolving loans,F,N,N,Family,Working,Incomplete higher,Married,House / apartment,1,1,0,1,0,0,Laborers,2,2,TUESDAY,0,0,0,1,1,0,Transport: type 4,0,0,0,0,0,0,0,0,0,0,0,0,0,0,0,0,0,0,0,0,0
283724,90000.0,959598.0,0.015221,-14070,-6650,-8163.0,-5151,5.0,11,0.4993458564362458,0.4956658291397297,6.0,0.0,-1110.0,0.0,0.0,0.0,2.0,2.0,7.0,Cash loans,F,N,Y,Unaccompanied,State servant,Secondary / secondary special,Married,House / apartment,1,1,1,1,1,0,Laborers,2,2,THURSDAY,0,0,0,0,0,0,Other,0,0,0,0,0,0,1,0,0,0,0,0,0,0,0,0,0,0,0,0,0
435861,180000.0,900000.0,0.0228,-11898,-3413,-5963.0,-4092,4.0,9,0.5735624143096567,0.5971924268337128,0.0,0.0,-1570.0,0.0,0.0,0.0,0.0,0.0,1.0,Cash loans,F,Y,Y,Unaccompanied,Working,Higher education,Married,House / apartment,1,1,1,1,1,0,Core staff,2,2,TUESDAY,0,0,0,0,1,1,Government,0,1,0,0,0,0,0,0,0,0,0,0,0,0,0,0,0,0,0,0,0
428096,144000.0,450000.0,0.026392,-12173,-3534,-6186.0,-1886,3.0,12,0.7241309225067566,0.5989262182569273,0.0,0.0,-349.0,0.0,0.0,0.0,0.0,0.0,0.0,Revolving loans,F,N,Y,"Spouse, partner",Working,Higher education,Married,House / apartment,1,1,1,1,0,0,IT staff,2,2,MONDAY,0,0,0,0,0,0,Medicine,0,0,0,0,0,0,0,0,0,0,0,0,0,0,0,0,0,0,0,0,0
239127,148500.0,180000.0,0.04622,-8208,-1589,-1132.0,-846,1.0,17,0.746432603650861,0.5352762504724826,0.0,0.0,0.0,0.0,0.0,0.0,0.0,0.0,1.0,Revolving loans,M,N,Y,Other_A,Working,Secondary / secondary special,Single / not married,House / apartment,1,1,0,1,0,0,Cooking staff,1,1,TUESDAY,0,1,1,0,0,0,Business Entity Type 3,0,0,0,0,0,0,0,0,0,0,0,0,0,0,0,0,0,0,0,0,0
405949,225000.0,253737.0,0.008575,-10971,-2210,-5153.0,-3425,1.0,12,0.6692801124081146,0.4066174366275036,0.0,0.0,-1900.0,0.0,0.0,0.0,0.0,0.0,4.0,Cash loans,M,Y,Y,Unaccompanied,Working,Secondary / secondary special,Single / not married,House / apartment,1,1,0,1,1,0,Laborers,2,2,THURSDAY,0,0,0,1,1,0,Transport: type 4,0,1,0,0,0,0,0,0,0,0,0,0,0,0,0,0,0,0,0,0,0
183176,225000.0,728460.0,0.006629,-21855,-5400,-1936.0,-292,2.0,3,0.6517581119418008,0.5352762504724826,5.0,0.0,0.0,0.0,0.0,0.0,1.0,0.0,2.0,Cash loans,M,N,Y,Unaccompanied,State servant,Incomplete higher,Married,House / apartment,1,1,0,1,1,0,Laborers,2,2,TUESDAY,0,0,0,0,0,0,University,0,0,0,0,1,0,0,0,0,0,0,0,0,0,0,0,0,0,0,0,0
129672,135000.0,1288350.0,0.00823,-14876,-4170,-5764.0,-4236,2.0,14,0.4374079850583687,0.7016957740576931,2.0,1.0,-2131.0,0.0,0.0,0.0,0.0,0.0,0.0,Cash loans,F,N,Y,Unaccompanied,Working,Secondary / secondary special,Married,House / apartment,1,1,1,1,1,0,Laborers,2,2,FRIDAY,0,0,0,0,0,0,Industry: type 3,0,1,0,0,0,0,0,0,0,0,0,0,0,0,0,0,0,0,0,0,0
237285,180000.0,1125000.0,0.0145199999999999,-20427,-926,-3297.0,-3950,2.0,13,0.6090363652068631,0.2650494299443805,2.0,0.0,0.0,0.0,0.0,0.0,1.0,0.0,0.0,Cash loans,F,N,N,Unaccompanied,Commercial associate,Secondary / secondary special,Married,House / apartment,1,1,0,1,0,0,Laborers,2,2,SATURDAY,0,0,0,0,0,0,University,0,1,0,0,0,0,0,0,0,0,0,0,0,0,0,0,0,0,0,0,0
412897,157500.0,378117.0,0.018634,-14493,-3012,-72.0,-4682,4.0,15,0.6564237130704146,0.4578995512067301,1.0,0.0,-2262.0,0.0,0.0,0.0,0.0,0.0,2.0,Cash loans,M,Y,Y,Unaccompanied,Working,Secondary / secondary special,Married,House / apartment,1,1,0,1,1,0,Laborers,2,2,FRIDAY,0,0,0,0,0,0,Business Entity Type 2,0,0,0,0,0,0,1,0,0,0,0,0,0,0,0,0,0,0,0,0,0
403411,202500.0,634482.0,0.022625,-16151,-3567,-10286.0,-4048,2.0,17,0.4999745490563578,0.2793353208976285,2.0,2.0,-2257.0,0.0,0.0,0.0,0.0,0.0,3.0,Cash loans,F,N,Y,Unaccompanied,Working,Secondary / secondary special,Single / not married,House / apartment,1,1,0,1,1,0,Laborers,2,2,FRIDAY,0,0,0,0,0,0,Industry: type 11,0,1,0,0,0,0,0,0,0,0,0,0,0,0,0,0,0,0,0,0,0
392082,135000.0,835380.0,0.011703,-18001,-887,-1116.0,-1479,2.0,17,0.3737057259013505,0.5028782772082183,1.0,0.0,-1184.0,0.0,0.0,0.0,0.0,0.0,3.0,Cash loans,F,Y,Y,Family,Working,Secondary / secondary special,Married,House / apartment,1,1,0,1,0,0,Medicine staff,2,2,THURSDAY,0,0,0,0,0,0,Medicine,0,1,0,0,0,0,0,0,0,0,0,0,0,0,0,0,0,0,0,0,0
428826,180000.0,1169532.0,0.010966,-18157,-10322,-117.0,-1441,3.0,9,0.1939414841204858,0.5424451438613613,0.0,0.0,-1097.0,0.0,0.0,0.0,1.0,0.0,2.0,Cash loans,F,N,Y,Unaccompanied,Working,Secondary / secondary special,Civil marriage,Municipal apartment,1,1,0,1,0,0,Core staff,2,2,MONDAY,0,0,0,0,0,0,School,0,1,0,0,0,0,0,0,0,0,0,0,0,0,0,0,0,0,0,0,0
195713,202500.0,536917.5,0.016612,-15462,0,-3916.0,-4593,1.0,17,0.632368026611808,0.6347055309763198,0.0,0.0,-707.0,0.0,0.0,0.0,0.0,0.0,1.0,Cash loans,F,Y,Y,Unaccompanied,Pensioner,Higher education,Separated,House / apartment,1,0,0,1,0,0,Laborers,2,2,FRIDAY,0,0,0,0,0,0,XNA,0,1,0,0,0,0,0,0,0,0,0,0,0,0,0,0,0,0,0,0,0
456216,135000.0,1762110.0,0.0196889999999999,-13790,-1878,-3023.0,-1798,4.0,12,0.2777281390176555,0.7713615919194317,0.0,0.0,-2538.0,0.0,0.0,0.0,0.0,0.0,1.0,Cash loans,F,N,N,Unaccompanied,Working,Higher education,Married,House / apartment,1,1,0,1,0,0,Laborers,2,2,MONDAY,0,0,0,0,0,0,Other,0,0,0,0,0,0,1,0,0,0,0,0,0,0,0,0,0,0,0,0,0
414281,202500.0,781920.0,0.00702,-19131,-519,-2664.0,-2692,2.0,12,0.572636856830916,0.6610235391308081,1.0,0.0,-589.0,0.0,0.0,0.0,0.0,0.0,4.0,Cash loans,F,N,Y,Unaccompanied,Working,Secondary / secondary special,Married,House / apartment,1,1,0,1,1,0,Cooking staff,2,2,TUESDAY,0,0,0,0,0,0,Kindergarten,0,1,0,0,0,0,0,0,0,0,0,0,0,0,0,0,0,0,0,0,0
158583,202500.0,99000.0,0.018209,-17363,-1902,-11039.0,-897,3.0,7,0.5839419852615619,0.5352762504724826,0.0,0.0,-1293.0,0.0,0.0,0.0,0.0,0.0,1.0,Cash loans,M,Y,Y,Unaccompanied,Commercial associate,Higher education,Married,House / apartment,1,1,0,1,0,0,Laborers,3,3,THURSDAY,0,0,0,0,0,0,Industry: type 3,0,1,0,0,0,0,0,0,0,0,0,0,0,0,0,0,0,0,0,0,0
439842,180000.0,1082214.0,0.007114,-12477,-558,-1919.0,-4405,2.0,17,0.2629358786975408,0.5064842396679806,0.0,0.0,-755.0,0.0,0.0,0.0,0.0,0.0,3.0,Cash loans,F,N,Y,Family,Working,Secondary / secondary special,Married,House / apartment,1,1,0,1,0,0,Laborers,2,2,THURSDAY,0,0,0,0,0,0,Business Entity Type 3,0,1,0,0,0,0,0,0,0,0,0,0,0,0,0,0,0,0,0,0,0
366652,180000.0,540000.0,0.072508,-17787,-3155,-5127.0,-1042,2.0,18,0.7203935602002216,0.5352762504724826,0.0,0.0,-2671.0,0.0,0.0,0.0,0.0,0.0,1.0,Revolving loans,F,N,Y,Unaccompanied,Working,Higher education,Married,House / apartment,1,1,0,1,1,0,Laborers,1,1,MONDAY,0,0,0,0,0,0,Other,0,0,0,0,0,0,0,0,0,0,0,0,0,0,0,0,0,0,0,0,0
338063,112500.0,315000.0,0.0228,-16926,-4037,-4429.0,-464,1.0,14,0.7185707974010227,0.6512602186973006,10.0,0.0,-1337.0,0.0,0.0,0.0,0.0,0.0,3.0,Revolving loans,F,N,Y,Family,Working,Secondary / secondary special,Separated,House / apartment,1,1,0,1,1,0,Sales staff,2,2,SATURDAY,0,0,0,0,0,0,Trade: type 7,0,0,0,0,0,0,0,0,0,0,0,0,0,0,0,0,0,0,0,0,0
176632,108000.0,125640.0,0.010966,-14508,-2413,-359.0,-4951,2.0,13,0.7350874054049659,0.6075573001388961,3.0,0.0,-1010.0,0.0,0.0,0.0,0.0,0.0,2.0,Cash loans,M,N,Y,Unaccompanied,Working,Higher education,Married,House / apartment,1,1,0,1,0,1,Managers,2,2,WEDNESDAY,0,0,0,0,0,0,Business Entity Type 2,0,1,0,0,0,0,0,0,0,0,0,0,0,0,0,0,0,0,0,0,0
292511,90000.0,315000.0,0.026392,-17406,-5137,-4924.0,-939,2.0,10,0.7315808626201232,0.4294236843421945,3.0,0.0,-1738.0,0.0,0.0,0.0,0.0,0.0,3.0,Cash loans,F,N,N,Unaccompanied,State servant,Higher education,Married,House / apartment,1,1,1,1,1,0,Laborers,2,2,MONDAY,0,0,0,0,0,0,Other,0,1,0,0,0,0,0,0,0,0,0,0,0,0,0,0,0,0,0,0,0
162317,225000.0,1129500.0,0.026392,-19872,-10484,-762.0,-3382,1.0,16,0.6933904694866627,0.524496446363472,0.0,0.0,-1604.0,0.0,1.0,0.0,0.0,0.0,6.0,Cash loans,F,N,Y,Unaccompanied,Commercial associate,Secondary / secondary special,Single / not married,House / apartment,1,1,0,1,0,0,Laborers,2,2,THURSDAY,0,0,0,0,0,0,Other,0,1,0,0,0,0,0,0,0,0,0,0,0,0,0,0,0,0,0,0,0
211868,360000.0,1350000.0,0.010556,-13873,-2942,-168.0,-665,3.0,15,0.6601964410969293,0.41534714488434,0.0,0.0,-1576.0,0.0,0.0,0.0,0.0,0.0,0.0,Cash loans,F,Y,Y,Family,Working,Higher education,Married,House / apartment,1,1,1,1,1,0,Laborers,3,3,TUESDAY,0,0,0,0,0,0,Business Entity Type 3,0,0,0,0,0,0,1,0,0,0,0,0,0,0,0,0,0,0,0,0,0
214573,202500.0,270000.0,0.018634,-16430,-2210,-4072.0,-874,3.0,16,0.6153182402961946,0.4206109640437848,2.0,0.0,-788.0,0.0,0.0,0.0,0.0,0.0,1.0,Revolving loans,F,N,Y,Family,Working,Higher education,Married,House / apartment,1,1,0,1,1,0,Core staff,2,2,WEDNESDAY,0,0,0,0,0,0,School,0,0,0,0,0,0,0,0,0,0,0,0,0,0,0,0,0,0,0,0,0
273212,135000.0,509400.0,0.002042,-8972,-145,-3522.0,-1639,3.0,13,0.0954181035708559,0.2594676548211199,3.0,0.0,-390.0,1.0,0.0,0.0,1.0,1.0,0.0,Cash loans,M,Y,Y,Unaccompanied,State servant,Higher education,Married,House / apartment,1,1,0,1,0,1,Core staff,3,3,SATURDAY,0,0,0,1,1,0,Police,0,1,0,0,0,0,0,0,0,0,0,0,0,0,0,0,0,0,0,0,0
198871,180000.0,1113840.0,0.02461,-22259,-523,-321.0,-4222,1.0,19,0.7131488526678894,0.5352762504724826,5.0,0.0,-2420.0,0.0,0.0,0.0,0.0,0.0,1.0,Cash loans,F,N,Y,Family,Working,Secondary / secondary special,Widow,House / apartment,1,1,0,1,0,0,Laborers,2,2,WEDNESDAY,0,0,0,0,1,1,School,0,1,0,0,0,0,0,0,0,0,0,0,0,0,0,0,0,0,0,0,0
413893,148500.0,225000.0,0.008068,-14778,-1331,-3215.0,-4873,2.0,10,0.2802397871996067,0.5388627065779676,0.0,0.0,-537.0,0.0,0.0,0.0,0.0,0.0,1.0,Revolving loans,F,N,Y,Unaccompanied,State servant,Secondary / secondary special,Married,House / apartment,1,1,1,1,0,0,Laborers,3,3,FRIDAY,0,0,0,0,0,0,Other,0,0,0,0,0,0,0,0,0,0,0,0,0,0,0,0,0,0,0,0,0
418867,270000.0,828000.0,0.008019,-15494,-854,-6733.0,-3988,2.0,16,0.4834541671978238,0.0553331995376399,0.0,0.0,-362.0,0.0,0.0,0.0,0.0,0.0,1.0,Cash loans,M,N,N,Unaccompanied,Working,Secondary / secondary special,Civil marriage,House / apartment,1,1,0,1,1,0,Security staff,2,2,THURSDAY,0,1,1,0,1,1,Security,0,1,0,0,0,0,0,0,0,0,0,0,0,0,0,0,0,0,0,0,0
326908,180000.0,900000.0,0.028663,-14749,-946,-2765.0,-4419,3.0,9,0.6730638053816331,0.5971924268337128,0.0,0.0,-41.0,0.0,0.0,0.0,0.0,1.0,3.0,Revolving loans,F,N,Y,Unaccompanied,Working,Secondary / secondary special,Civil marriage,With parents,1,1,1,1,1,0,Core staff,2,2,FRIDAY,0,0,0,0,0,0,Self-employed,0,0,0,0,0,0,0,0,0,0,0,0,0,0,0,0,0,0,0,0,0
224799,90000.0,1125000.0,0.018209,-13542,-3300,-3487.0,-3496,1.0,16,0.5582052522361788,0.5352762504724826,1.0,0.0,-619.0,0.0,0.0,0.0,0.0,0.0,1.0,Cash loans,F,Y,N,"Spouse, partner",Commercial associate,Secondary / secondary special,Single / not married,House / apartment,1,1,0,1,0,0,Private service staff,3,3,FRIDAY,0,0,0,0,0,0,Services,0,1,0,0,0,0,0,0,0,0,0,0,0,0,0,0,0,0,0,0,0
380899,67500.0,125640.0,0.022625,-12696,-2473,-6803.0,-4066,2.0,10,0.2384802001403724,0.5779691187553125,4.0,0.0,-383.0,0.0,0.0,0.0,0.0,0.0,0.0,Cash loans,F,N,Y,Unaccompanied,Working,Secondary / secondary special,Single / not married,House / apartment,1,1,1,1,1,0,Cooking staff,2,2,MONDAY,0,0,0,0,1,1,Business Entity Type 3,0,1,0,0,0,0,0,0,0,0,0,0,0,0,0,0,0,0,0,0,0
219883,112500.0,663093.0,0.035792,-22624,-2201,-1392.0,-4705,2.0,16,0.0209692833762172,0.7180328113294772,0.0,0.0,-1064.0,0.0,0.0,0.0,0.0,0.0,4.0,Cash loans,F,N,Y,Unaccompanied,Working,Higher education,Married,House / apartment,1,1,0,1,0,0,Cleaning staff,2,2,THURSDAY,0,0,0,0,0,0,Other,0,1,0,0,0,0,0,0,0,0,0,0,0,0,0,0,0,0,0,0,0
285828,67500.0,174132.0,0.010032,-20761,0,-2261.0,-2318,2.0,10,0.647522526478614,0.5352762504724826,0.0,0.0,-148.0,0.0,0.0,0.0,0.0,0.0,1.0,Cash loans,F,N,Y,Unaccompanied,Pensioner,Secondary / secondary special,Civil marriage,House / apartment,1,0,0,1,0,0,Laborers,2,2,FRIDAY,0,0,0,0,0,0,XNA,0,0,0,0,1,0,0,0,0,0,0,0,0,0,0,0,0,0,0,0,0
386102,144000.0,254799.0,0.00823,-17219,-2354,-9152.0,-777,2.0,12,0.602854272446224,0.5406544504453575,2.0,0.0,0.0,0.0,0.0,0.0,1.0,0.0,0.0,Cash loans,F,Y,Y,Unaccompanied,Working,Secondary / secondary special,Married,House / apartment,1,1,0,1,0,0,Core staff,2,2,MONDAY,0,0,0,0,0,0,Postal,0,1,0,0,0,0,0,0,0,0,0,0,0,0,0,0,0,0,0,0,0
173851,112500.0,1298655.0,0.016612,-12686,-1476,-2721.0,-2766,2.0,10,0.5330719798119632,0.5495965024956946,0.0,0.0,0.0,0.0,0.0,0.0,0.0,1.0,4.0,Cash loans,F,N,Y,"Spouse, partner",Commercial associate,Secondary / secondary special,Married,House / apartment,1,1,0,1,0,0,Private service staff,2,2,TUESDAY,0,0,0,0,0,0,Services,0,1,0,0,0,0,0,0,0,0,0,0,0,0,0,0,0,0,0,0,0
282436,112500.0,517788.0,0.018634,-12545,-579,-6647.0,-1749,3.0,14,0.6826470373757049,0.5352762504724826,0.0,0.0,-607.0,0.0,0.0,0.0,0.0,0.0,4.0,Cash loans,F,N,N,Unaccompanied,Commercial associate,Secondary / secondary special,Married,Municipal apartment,1,1,0,1,0,0,Laborers,2,2,TUESDAY,0,0,0,0,0,0,Postal,0,1,0,0,0,0,0,0,0,0,0,0,0,0,0,0,0,0,0,0,0
334340,229500.0,1014588.0,0.031329,-15320,-7046,-2559.0,-4615,3.0,14,0.6045702623123299,0.3001077565791181,4.0,0.0,-1982.0,1.0,0.0,0.0,0.0,0.0,1.0,Cash loans,F,N,Y,Unaccompanied,Commercial associate,Higher education,Married,House / apartment,1,1,0,1,1,0,Managers,2,2,SATURDAY,0,0,0,0,0,0,School,0,1,0,0,0,0,0,0,0,0,0,0,0,0,0,0,0,0,0,0,0
360482,157500.0,521280.0,0.00712,-12958,-1932,-2660.0,-4249,2.0,15,0.6932323790364908,0.8224987619370829,4.0,0.0,-1163.0,0.0,0.0,0.0,0.0,0.0,0.0,Cash loans,F,N,N,Unaccompanied,State servant,Higher education,Single / not married,House / apartment,1,1,0,1,0,0,Accountants,2,2,FRIDAY,0,0,0,0,0,0,Other,0,1,0,0,0,0,0,0,0,0,0,0,0,0,0,0,0,0,0,0,0
240890,67500.0,177903.0,0.020246,-23400,0,-9317.0,-4282,1.0,5,0.485114460046587,0.41534714488434,0.0,0.0,-1366.0,0.0,0.0,0.0,0.0,1.0,1.0,Cash loans,F,N,Y,Unaccompanied,Pensioner,Secondary / secondary special,Single / not married,House / apartment,1,0,0,1,0,0,Laborers,3,3,MONDAY,0,0,0,0,0,0,XNA,0,0,0,0,1,0,0,0,0,0,0,0,0,0,0,0,0,0,0,0,0
105449,135000.0,270000.0,0.014464,-12122,-3560,-6028.0,-4597,1.0,11,0.1978787664047916,0.4776491548517548,0.0,0.0,-564.0,0.0,0.0,0.0,0.0,1.0,4.0,Revolving loans,F,N,N,Unaccompanied,Commercial associate,Secondary / secondary special,Single / not married,House / apartment,1,1,0,1,0,0,Laborers,2,2,SATURDAY,0,0,0,1,1,0,Other,0,0,0,0,0,0,0,0,0,0,0,0,0,0,0,0,0,0,0,0,0
267913,405000.0,1973106.0,0.04622,-21884,0,-1677.0,-2734,2.0,11,0.7334703456592371,0.656158373001177,0.0,0.0,-1226.0,0.0,0.0,0.0,1.0,2.0,3.0,Cash loans,F,N,N,Unaccompanied,Pensioner,Secondary / secondary special,Married,House / apartment,1,0,0,1,1,0,Laborers,1,1,MONDAY,0,0,0,0,0,0,XNA,0,0,0,0,1,0,0,0,0,0,0,0,0,0,0,0,0,0,0,0,0
112507,112500.0,225000.0,0.031329,-7845,-601,-7100.0,-520,1.0,13,0.2719492472891214,0.4812493411434029,1.0,1.0,-1181.0,0.0,0.0,0.0,0.0,0.0,2.0,Revolving loans,F,Y,N,Unaccompanied,Commercial associate,Secondary / secondary special,Single / not married,With parents,1,1,0,1,0,0,Sales staff,2,2,THURSDAY,0,0,0,0,0,0,Business Entity Type 2,0,0,0,0,0,0,0,0,0,0,0,0,0,0,0,0,0,0,0,0,0
247303,90000.0,81504.0,0.020246,-12629,-1051,-5647.0,-4314,4.0,13,0.4623082100446593,0.646329897706246,1.0,0.0,-720.0,0.0,0.0,0.0,0.0,0.0,2.0,Cash loans,M,Y,Y,Unaccompanied,Working,Secondary / secondary special,Married,House / apartment,1,1,0,1,1,0,Low-skill Laborers,3,3,SUNDAY,0,0,0,0,0,0,Business Entity Type 3,0,1,0,0,0,0,0,0,0,0,0,0,0,0,0,0,0,0,0,0,0
155978,279000.0,1223010.0,0.0228,-12450,-4210,-265.0,-1791,2.0,15,0.4961095323877317,0.5744466170995097,0.0,0.0,-1588.0,0.0,0.0,0.0,0.0,0.0,2.0,Cash loans,F,Y,Y,Unaccompanied,Commercial associate,Incomplete higher,Separated,With parents,1,1,0,1,0,0,Accountants,2,2,MONDAY,0,0,0,0,0,0,Business Entity Type 3,0,1,0,0,0,0,0,0,0,0,0,0,0,0,0,0,0,0,0,0,0
191294,225000.0,659610.0,0.010006,-15449,-2052,-3670.0,-5673,5.0,16,0.5427033885368933,0.6092756673894402,2.0,1.0,-1839.0,0.0,0.0,0.0,0.0,1.0,0.0,Cash loans,F,N,N,Unaccompanied,State servant,Higher education,Married,Municipal apartment,1,1,0,1,0,0,Core staff,2,1,FRIDAY,0,0,0,0,0,0,School,0,1,0,0,0,0,0,0,0,0,0,0,0,0,0,0,0,0,0,0,0
235177,103500.0,675000.0,0.015221,-13285,-2127,-6752.0,-2135,3.0,13,0.464771540163717,0.5352762504724826,1.0,0.0,-2530.0,0.0,0.0,0.0,0.0,0.0,1.0,Cash loans,F,Y,Y,Family,Commercial associate,Secondary / secondary special,Married,House / apartment,1,1,0,1,0,0,Core staff,2,2,TUESDAY,0,0,0,1,0,1,Self-employed,0,1,0,0,0,0,0,0,0,0,0,0,0,0,0,0,0,0,0,0,0
340197,135000.0,654592.5,0.018209,-23694,0,-847.0,-4118,1.0,7,0.5767363819426072,0.4722533429586386,0.0,0.0,-202.0,0.0,0.0,0.0,0.0,0.0,1.0,Cash loans,F,N,Y,Unaccompanied,Pensioner,Secondary / secondary special,Single / not married,House / apartment,1,0,0,1,0,0,Laborers,3,3,SATURDAY,0,0,0,0,0,0,XNA,0,1,0,0,0,0,0,0,0,0,0,0,0,0,0,0,0,0,0,0,0
429617,292500.0,1155226.5,0.016612,-19580,-1624,-11659.0,-3083,2.0,12,0.6352761523515545,0.3474182272002641,0.0,0.0,-628.0,0.0,0.0,0.0,0.0,2.0,7.0,Cash loans,M,N,Y,Unaccompanied,Commercial associate,Secondary / secondary special,Married,House / apartment,1,1,0,1,0,0,Core staff,2,2,MONDAY,0,0,0,0,1,1,Government,0,1,0,0,0,0,0,0,0,0,0,0,0,0,0,0,0,0,0,0,0
356161,135000.0,265500.0,0.010006,-13059,-3711,-938.0,-1501,2.0,9,0.4994442604125737,0.1997705696341145,0.0,0.0,-702.0,0.0,0.0,0.0,0.0,0.0,2.0,Cash loans,F,N,N,Unaccompanied,Working,Higher education,Married,With parents,1,1,1,1,1,0,Cooking staff,2,2,THURSDAY,0,0,0,0,0,0,Industry: type 9,0,1,0,0,0,0,0,0,0,0,0,0,0,0,0,0,0,0,0,0,0
398253,90000.0,239850.0,0.005313,-24502,0,-2393.0,-4327,2.0,11,0.258694789198233,0.3672910183026313,0.0,0.0,-276.0,0.0,0.0,0.0,0.0,1.0,1.0,Cash loans,F,Y,Y,Unaccompanied,Pensioner,Lower secondary,Married,House / apartment,1,0,0,1,0,0,Laborers,2,2,TUESDAY,0,0,0,0,0,0,XNA,0,1,0,0,0,0,0,0,0,0,0,0,0,0,0,0,0,0,0,0,0
256813,337500.0,1320849.0,0.020713,-19815,-4954,-5044.0,-3289,2.0,17,0.5328433678165315,0.6058362647264226,1.0,0.0,-755.0,0.0,0.0,1.0,0.0,0.0,1.0,Cash loans,M,Y,N,Unaccompanied,Working,Secondary / secondary special,Married,House / apartment,1,1,0,1,0,0,Drivers,3,3,WEDNESDAY,0,0,0,0,0,0,Other,0,0,0,0,0,0,1,0,0,0,0,0,0,0,0,0,0,0,0,0,0
120377,607500.0,900000.0,0.011703,-17047,-2959,-6925.0,-557,1.0,17,0.6194609830997545,0.4543210601605785,6.0,0.0,-2031.0,0.0,0.0,0.0,0.0,0.0,2.0,Revolving loans,F,N,Y,Unaccompanied,Commercial associate,Secondary / secondary special,Separated,House / apartment,1,1,0,1,0,0,Private service staff,2,2,SATURDAY,1,1,0,0,0,0,Self-employed,0,0,0,0,0,0,0,0,0,0,0,0,0,0,0,0,0,0,0,0,0
443617,54000.0,225000.0,0.028663,-24010,-3886,-11027.0,-4756,2.0,13,0.4645321989889032,0.8038850611746273,2.0,1.0,0.0,0.0,0.0,0.0,1.0,0.0,4.0,Cash loans,F,N,Y,Unaccompanied,Commercial associate,Secondary / secondary special,Married,House / apartment,1,1,0,1,0,0,Laborers,2,2,MONDAY,0,0,0,0,0,0,Other,0,1,0,0,0,0,0,0,0,0,0,0,0,0,0,0,0,0,0,0,0
150294,202500.0,284400.0,0.04622,-14123,-1269,-1092.0,-1834,2.0,10,0.5758500066079526,0.622922000268356,0.0,0.0,-1060.0,0.0,0.0,0.0,0.0,0.0,0.0,Cash loans,F,Y,N,Unaccompanied,Commercial associate,Secondary / secondary special,Married,House / apartment,1,1,1,1,0,0,Sales staff,1,1,THURSDAY,0,1,1,0,1,1,Self-employed,0,0,0,0,0,0,1,0,0,0,0,0,0,0,0,0,0,0,0,0,0
218239,135000.0,199080.0,0.031329,-15880,-106,-988.0,-1200,2.0,13,0.2665197753925157,0.4561097392782771,0.0,0.0,-432.0,0.0,0.0,0.0,0.0,0.0,0.0,Cash loans,M,N,N,Unaccompanied,Working,Secondary / secondary special,Married,Office apartment,1,1,1,1,0,0,Laborers,2,2,SATURDAY,0,0,0,0,1,1,Industry: type 5,0,1,0,0,0,0,0,0,0,0,0,0,0,0,0,0,0,0,0,0,0
156244,103500.0,265851.0,0.01885,-12445,-1673,-4746.0,-1718,4.0,13,0.6191980520254944,0.8193176922872417,10.0,0.0,-1093.0,0.0,0.0,0.0,0.0,0.0,3.0,Cash loans,F,N,N,Family,Working,Secondary / secondary special,Civil marriage,With parents,1,1,0,1,0,0,Laborers,2,2,MONDAY,0,0,0,0,0,0,Restaurant,0,1,0,0,0,0,0,0,0,0,0,0,0,0,0,0,0,0,0,0,0
308058,81000.0,381528.0,0.01885,-15727,-2447,-5935.0,-4576,2.0,10,0.4760151674992452,0.375711009574066,4.0,0.0,-1483.0,0.0,0.0,0.0,1.0,0.0,3.0,Cash loans,F,N,Y,Unaccompanied,State servant,Secondary / secondary special,Married,House / apartment,1,1,1,1,1,1,Laborers,2,2,TUESDAY,0,0,0,0,0,0,Kindergarten,0,1,0,0,0,0,0,0,0,0,0,0,0,0,0,0,0,0,0,0,0
386018,90000.0,545040.0,0.006629,-17738,-1072,-7479.0,-1267,1.0,6,0.7014380847314275,0.4525335592581747,4.0,0.0,-198.0,0.0,0.0,0.0,0.0,4.0,0.0,Cash loans,F,N,Y,Unaccompanied,Working,Secondary / secondary special,Single / not married,House / apartment,1,1,0,1,0,0,Cooking staff,2,2,FRIDAY,0,0,0,0,0,0,Restaurant,0,1,0,0,0,0,0,0,0,0,0,0,0,0,0,0,0,0,0,0,0
445310,135000.0,832500.0,0.0145199999999999,-12228,-2093,-970.0,-2617,2.0,11,0.6261186506096489,0.3108182544189319,0.0,0.0,-926.0,0.0,0.0,0.0,0.0,0.0,1.0,Cash loans,F,Y,Y,Unaccompanied,Working,Secondary / secondary special,Married,House / apartment,1,1,0,1,0,0,Laborers,2,2,MONDAY,0,0,0,0,1,1,Business Entity Type 3,0,1,0,0,0,0,0,0,0,0,0,0,0,0,0,0,0,0,0,0,0
203849,81000.0,180000.0,0.019101,-21405,-5254,-8915.0,-4733,2.0,14,0.4546803038199392,0.2678689358444539,0.0,0.0,0.0,0.0,0.0,0.0,0.0,0.0,1.0,Revolving loans,F,N,Y,Unaccompanied,Working,Secondary / secondary special,Married,House / apartment,1,1,1,1,1,0,Security staff,2,2,WEDNESDAY,0,0,0,0,0,0,Government,0,0,0,0,0,0,0,0,0,0,0,0,0,0,0,0,0,0,0,0,0
364188,225000.0,900000.0,0.018209,-15168,-3519,-7087.0,-4041,3.0,8,0.5240758591557275,0.6706517530862718,1.0,1.0,-1611.0,0.0,0.0,0.0,1.0,0.0,5.0,Cash loans,F,Y,Y,Unaccompanied,Commercial associate,Secondary / secondary special,Married,House / apartment,1,1,0,1,1,0,Medicine staff,3,3,FRIDAY,0,0,0,0,0,0,Other,0,1,0,0,0,0,0,0,0,0,0,0,0,0,0,0,0,0,0,0,0
432576,126000.0,1391418.0,0.01885,-10978,-345,-505.0,-2115,1.0,14,0.6246739533807626,0.5352762504724826,1.0,1.0,-2534.0,0.0,0.0,0.0,0.0,0.0,1.0,Cash loans,F,Y,Y,Unaccompanied,Working,Higher education,Separated,House / apartment,1,1,1,1,1,0,Core staff,2,2,FRIDAY,0,0,0,0,1,1,Government,0,1,0,0,0,0,0,0,0,0,0,0,0,0,0,0,0,0,0,0,0
295621,166500.0,308461.5,0.019101,-21597,0,-10941.0,-4937,2.0,13,0.4887966230639687,0.6674577419214722,1.0,0.0,-2638.0,0.0,0.0,0.0,0.0,1.0,6.0,Cash loans,M,Y,N,Family,Pensioner,Secondary / secondary special,Married,House / apartment,1,0,0,1,0,0,Laborers,2,2,WEDNESDAY,0,0,0,0,0,0,XNA,0,0,0,0,1,0,0,0,0,0,0,0,0,0,0,0,0,0,0,0,0
341357,112500.0,666000.0,0.010276,-9228,-258,-2212.0,-1669,1.0,16,0.5979488802901619,0.1285043773724039,0.0,0.0,-250.0,0.0,0.0,0.0,0.0,0.0,4.0,Cash loans,M,N,N,Unaccompanied,Commercial associate,Secondary / secondary special,Single / not married,With parents,1,1,0,1,1,0,Laborers,2,2,SATURDAY,0,0,0,0,1,1,Business Entity Type 3,0,0,0,0,0,0,0,0,0,0,0,0,0,0,0,0,0,0,0,0,0
313847,126000.0,781920.0,0.010147,-17963,-965,-8418.0,-1526,1.0,14,0.3353619277733472,0.5352762504724826,0.0,0.0,-302.0,0.0,0.0,0.0,0.0,0.0,1.0,Cash loans,F,N,N,Unaccompanied,Working,Secondary / secondary special,Widow,House / apartment,1,1,1,1,1,0,Sales staff,2,2,MONDAY,0,0,0,0,0,1,Self-employed,0,1,0,0,0,0,0,0,0,0,0,0,0,0,0,0,0,0,0,0,0
270999,135000.0,263686.5,0.025164,-9647,-1324,-3963.0,-2046,1.0,15,0.5054849597807094,0.7194907850918436,3.0,0.0,-1589.0,0.0,0.0,0.0,0.0,0.0,2.0,Cash loans,M,Y,N,Family,Working,Secondary / secondary special,Single / not married,With parents,1,1,1,1,0,0,Laborers,2,2,THURSDAY,0,0,0,1,1,0,Business Entity Type 3,0,1,0,0,0,0,0,0,0,0,0,0,0,0,0,0,0,0,0,0,0
321735,157500.0,942300.0,0.00702,-20147,0,-9548.0,-3535,1.0,10,0.6498149623978808,0.4632753280912678,1.0,0.0,-1693.0,0.0,0.0,0.0,0.0,0.0,0.0,Cash loans,F,N,Y,Family,Pensioner,Secondary / secondary special,Single / not married,House / apartment,1,0,0,1,0,0,Laborers,2,2,FRIDAY,0,0,0,0,0,0,XNA,0,1,0,0,0,0,0,0,0,0,0,0,0,0,0,0,0,0,0,0,0
349251,112500.0,808650.0,0.019101,-23643,0,-1899.0,-3412,1.0,14,0.4022808189211787,0.2881295999178507,0.0,0.0,-221.0,0.0,0.0,0.0,0.0,1.0,6.0,Cash loans,F,N,N,Unaccompanied,Pensioner,Secondary / secondary special,Separated,House / apartment,1,0,0,1,0,0,Laborers,2,2,FRIDAY,0,0,0,0,0,0,XNA,0,0,0,0,1,0,0,0,0,0,0,0,0,0,0,0,0,0,0,0,0
192971,135000.0,269550.0,0.02461,-13202,-2646,-3486.0,-4083,2.0,22,0.7306092761280434,0.3807996826489149,0.0,0.0,-1958.0,0.0,0.0,0.0,0.0,0.0,1.0,Cash loans,F,N,N,Unaccompanied,Working,Higher education,Married,House / apartment,1,1,1,1,0,0,Laborers,2,2,TUESDAY,0,0,0,0,0,0,Industry: type 9,0,1,0,0,0,0,0,0,0,0,0,0,0,0,0,0,0,0,0,0,0
361157,90000.0,269550.0,0.019101,-8615,-578,-3315.0,-1264,2.0,13,0.6371740588848268,0.3589512285783967,3.0,0.0,-363.0,0.0,0.0,0.0,0.0,0.0,0.0,Cash loans,F,N,N,Unaccompanied,Working,Secondary / secondary special,Civil marriage,House / apartment,1,1,0,1,1,0,Laborers,2,2,FRIDAY,0,0,0,0,0,0,Self-employed,0,1,0,0,0,0,0,0,0,0,0,0,0,0,0,0,0,0,0,0,0
452904,135000.0,301464.0,0.030755,-14706,-234,-1965.0,-244,2.0,15,0.6404334895208029,0.4507472818545589,1.0,0.0,-1258.0,0.0,0.0,0.0,0.0,1.0,3.0,Cash loans,M,Y,Y,Unaccompanied,Working,Secondary / secondary special,Married,House / apartment,1,1,0,1,0,0,Laborers,2,2,THURSDAY,0,0,0,0,0,0,Business Entity Type 3,0,1,0,0,0,0,0,0,0,0,0,0,0,0,0,0,0,0,0,0,0
102793,202500.0,1886850.0,0.035792,-18675,-158,-6943.0,-2200,2.0,11,0.6921803890186077,0.8106180215523969,3.0,1.0,-1704.0,0.0,0.0,0.0,1.0,0.0,1.0,Cash loans,M,Y,N,Unaccompanied,Working,Secondary / secondary special,Married,House / apartment,1,1,0,1,0,0,Laborers,2,2,THURSDAY,0,0,0,0,0,0,Housing,0,0,0,0,0,0,1,0,0,0,0,0,0,0,0,0,0,0,0,0,0
167961,112500.0,163008.0,0.04622,-18998,-814,-10426.0,-2387,2.0,14,0.6682483246166048,0.6212263380626669,0.0,0.0,-82.0,0.0,0.0,0.0,2.0,2.0,1.0,Cash loans,M,N,Y,Unaccompanied,Working,Secondary / secondary special,Married,House / apartment,1,1,0,1,0,0,Low-skill Laborers,1,1,FRIDAY,0,0,0,0,1,1,Housing,0,0,0,1,0,0,0,0,0,0,0,0,0,0,0,0,0,0,0,0,0
403865,441000.0,900000.0,0.04622,-17467,0,-7364.0,-999,1.0,14,0.6855250675496566,0.7062051096536562,2.0,0.0,-1088.0,0.0,0.0,0.0,1.0,1.0,2.0,Cash loans,F,N,Y,Unaccompanied,Pensioner,Higher education,Separated,House / apartment,1,0,0,1,0,0,Laborers,1,1,TUESDAY,0,0,0,0,0,0,XNA,0,1,0,0,0,0,0,0,0,0,0,0,0,0,0,0,0,0,0,0,0
222776,90000.0,301536.0,0.019101,-17443,-2344,-10016.0,-987,2.0,13,0.4765006241115439,0.5762088360175724,4.0,0.0,-2867.0,0.0,0.0,0.0,0.0,0.0,3.0,Cash loans,F,N,Y,Unaccompanied,Working,Secondary / secondary special,Married,House / apartment,1,1,0,1,0,0,Laborers,2,2,MONDAY,0,0,0,0,0,0,Business Entity Type 3,0,1,0,0,0,0,0,0,0,0,0,0,0,0,0,0,0,0,0,0,0
361081,90000.0,781920.0,0.00733,-13811,-1382,-4.0,-4376,2.0,12,0.5625634354267514,0.7121551551910698,0.0,0.0,-1887.0,0.0,0.0,0.0,0.0,0.0,0.0,Cash loans,F,N,N,Other_A,Working,Secondary / secondary special,Separated,House / apartment,1,1,0,1,0,0,Cooking staff,2,2,TUESDAY,0,0,0,0,0,0,Business Entity Type 3,0,1,0,0,0,0,0,0,0,0,0,0,0,0,0,0,0,0,0,0,0
223812,81000.0,152820.0,0.025164,-18035,0,-6879.0,-1581,2.0,9,0.6599854638013327,0.8203829585116356,0.0,0.0,-2679.0,0.0,0.0,0.0,0.0,0.0,0.0,Cash loans,F,N,Y,"Spouse, partner",Pensioner,Secondary / secondary special,Married,House / apartment,1,0,0,1,0,0,Laborers,2,2,SUNDAY,0,0,0,0,0,0,XNA,0,0,0,0,1,0,0,0,0,0,0,0,0,0,0,0,0,0,0,0,0
110044,117000.0,454500.0,0.0116569999999999,-10726,-3016,-8284.0,-964,3.0,11,0.7559707548417056,0.375711009574066,1.0,0.0,-391.0,0.0,0.0,0.0,0.0,0.0,0.0,Cash loans,F,Y,Y,Unaccompanied,Commercial associate,Secondary / secondary special,Married,House / apartment,1,1,0,1,1,1,Managers,1,1,WEDNESDAY,0,0,0,0,0,0,Business Entity Type 3,0,1,0,0,0,0,0,0,0,0,0,0,0,0,0,0,0,0,0,0,0
191846,157500.0,298512.0,0.031329,-16295,-4858,-3666.0,-3562,4.0,13,0.4441348253425965,0.6479768603302221,0.0,0.0,0.0,0.0,0.0,0.0,0.0,0.0,0.0,Cash loans,F,N,N,Unaccompanied,Working,Secondary / secondary special,Married,Municipal apartment,1,1,0,1,0,0,Drivers,2,2,TUESDAY,0,0,0,0,0,0,Military,0,1,0,0,0,0,0,0,0,0,0,0,0,0,0,0,0,0,0,0,0
421094,162000.0,415408.5,0.006629,-8389,-1332,-6897.0,-204,3.0,11,0.5337631740639611,0.5352762504724826,0.0,0.0,-245.0,0.0,0.0,0.0,0.0,0.0,0.0,Cash loans,F,N,N,Unaccompanied,State servant,Secondary / secondary special,Married,With parents,1,1,0,1,0,0,Laborers,2,2,SATURDAY,0,0,0,1,1,0,Other,0,1,0,0,0,0,0,0,0,0,0,0,0,0,0,0,0,0,0,0,0
231768,157500.0,1129500.0,0.019101,-16806,-1050,-7410.0,-342,2.0,16,0.6199454175160133,0.5352762504724826,5.0,0.0,-546.0,0.0,0.0,0.0,0.0,0.0,1.0,Cash loans,F,N,Y,Unaccompanied,Working,Secondary / secondary special,Married,House / apartment,1,1,0,1,0,0,Sales staff,2,2,TUESDAY,0,0,0,0,0,0,Trade: type 7,0,1,0,0,0,0,0,0,0,0,0,0,0,0,0,0,0,0,0,0,0
260023,193500.0,592560.0,0.018029,-12227,-4725,-2741.0,-3650,3.0,12,0.159154705549041,0.4014074137749511,0.0,0.0,-284.0,0.0,0.0,0.0,0.0,0.0,2.0,Cash loans,F,N,Y,Other_A,Working,Secondary / secondary special,Civil marriage,House / apartment,1,1,0,1,1,0,Sales staff,3,3,TUESDAY,0,0,0,0,0,0,Self-employed,0,1,0,0,0,0,0,0,0,0,0,0,0,0,0,0,0,0,0,0,0
249957,135000.0,247500.0,0.015221,-10669,-3109,-10625.0,-3326,2.0,14,0.1578276966460753,0.5352762504724826,0.0,0.0,-2050.0,0.0,0.0,0.0,1.0,0.0,8.0,Cash loans,F,Y,Y,Family,Working,Incomplete higher,Civil marriage,House / apartment,1,1,0,1,0,0,Laborers,2,2,MONDAY,0,0,0,0,0,0,Self-employed,0,1,0,0,0,0,0,0,0,0,0,0,0,0,0,0,0,0,0,0,0
430152,450000.0,1575000.0,0.0196889999999999,-12364,-2424,-2624.0,-4081,2.0,13,0.5870731092777547,0.1974745115685422,2.0,0.0,0.0,0.0,0.0,0.0,0.0,0.0,1.0,Cash loans,M,Y,N,Family,Commercial associate,Higher education,Married,House / apartment,1,1,0,1,0,0,Accountants,2,2,THURSDAY,0,0,0,0,0,0,Business Entity Type 2,0,0,0,0,0,0,1,0,0,0,0,0,0,0,0,0,0,0,0,0,0
284982,112500.0,720000.0,0.018209,-9225,-303,-1357.0,-1322,1.0,11,0.5476592883854228,0.2176285202779586,1.0,1.0,-1055.0,0.0,0.0,0.0,0.0,1.0,1.0,Cash loans,F,N,Y,Unaccompanied,Commercial associate,Higher education,Single / not married,House / apartment,1,1,0,1,0,0,Laborers,3,3,MONDAY,0,0,0,0,0,0,Construction,0,1,0,0,0,0,0,0,0,0,0,0,0,0,0,0,0,0,0,0,0
329096,135000.0,495000.0,0.01885,-16274,-272,-4875.0,-4566,2.0,14,0.3283365081401095,0.5352762504724826,4.0,0.0,0.0,0.0,0.0,0.0,0.0,0.0,0.0,Cash loans,F,Y,Y,Unaccompanied,Commercial associate,Secondary / secondary special,Married,House / apartment,1,1,0,1,0,0,Sales staff,2,2,SATURDAY,0,0,0,0,1,1,Self-employed,0,1,0,0,0,0,0,0,0,0,0,0,0,0,0,0,0,0,0,0,0
384817,211500.0,548775.0,0.04622,-23167,0,-8002.0,-4158,3.0,16,0.7210581878074354,0.5352762504724826,0.0,0.0,-245.0,0.0,0.0,0.0,0.0,0.0,1.0,Cash loans,F,N,Y,Unaccompanied,Pensioner,Secondary / secondary special,Married,House / apartment,1,0,0,1,0,0,Laborers,1,1,WEDNESDAY,0,0,0,0,0,0,XNA,0,1,0,0,0,0,0,0,0,0,0,0,0,0,0,0,0,0,0,0,0
214064,90000.0,265851.0,0.025164,-8118,-214,-8082.0,-782,1.0,15,0.2152234267672218,0.5352762504724826,0.0,0.0,-371.0,0.0,0.0,0.0,0.0,0.0,1.0,Cash loans,F,N,Y,Unaccompanied,Commercial associate,Incomplete higher,Single / not married,House / apartment,1,1,0,1,0,0,Waiters/barmen staff,2,2,TUESDAY,0,0,0,0,0,0,Business Entity Type 3,0,1,0,0,0,0,0,0,0,0,0,0,0,0,0,0,0,0,0,0,0
343035,144000.0,889515.0,0.035792,-18525,-507,-6908.0,-2036,3.0,9,0.3573422337147276,0.4632753280912678,0.0,0.0,-409.0,0.0,0.0,0.0,1.0,1.0,2.0,Cash loans,M,Y,Y,Unaccompanied,Working,Secondary / secondary special,Married,House / apartment,1,1,0,1,0,0,Low-skill Laborers,2,2,TUESDAY,0,0,0,0,1,1,Business Entity Type 3,0,1,0,0,0,0,0,0,0,0,0,0,0,0,0,0,0,0,0,0,0
341871,189000.0,592560.0,0.072508,-9989,-2168,-4490.0,-2263,2.0,14,0.7593794167902185,0.5352762504724826,0.0,0.0,-464.0,0.0,0.0,0.0,0.0,0.0,1.0,Cash loans,F,N,Y,Unaccompanied,State servant,Higher education,Civil marriage,House / apartment,1,1,0,1,0,0,Core staff,1,1,SATURDAY,0,0,0,0,0,0,School,0,1,0,0,0,0,0,0,0,0,0,0,0,0,0,0,0,0,0,0,0
102572,90000.0,314100.0,0.0196889999999999,-12621,-4280,-4432.0,-4432,2.0,11,0.2903786788583829,0.8327850252992314,1.0,0.0,0.0,0.0,0.0,0.0,0.0,0.0,2.0,Cash loans,F,N,N,Other_B,Working,Lower secondary,Single / not married,House / apartment,1,1,0,1,0,0,Laborers,2,2,WEDNESDAY,0,0,0,0,1,1,Government,0,1,0,0,0,0,0,0,0,0,0,0,0,0,0,0,0,0,0,0,0
243428,112500.0,312768.0,0.011703,-17567,-1374,-7327.0,-1093,1.0,13,0.4138320239362173,0.5797274227921155,4.0,0.0,-1225.0,0.0,0.0,0.0,1.0,0.0,4.0,Cash loans,F,N,N,Unaccompanied,State servant,Secondary / secondary special,Separated,House / apartment,1,1,0,1,1,0,Cleaning staff,2,2,THURSDAY,0,0,0,0,0,0,Other,0,1,0,0,0,0,0,0,0,0,0,0,0,0,0,0,0,0,0,0,0
269525,225000.0,278613.0,0.025164,-17002,-1490,-6790.0,-557,2.0,14,0.7117915010199288,0.5352762504724826,0.0,0.0,0.0,0.0,0.0,0.0,0.0,0.0,1.0,Cash loans,F,N,Y,Unaccompanied,Commercial associate,Higher education,Married,House / apartment,1,1,0,1,0,1,Laborers,2,2,FRIDAY,0,0,0,0,0,0,Government,0,1,0,0,0,0,0,0,0,0,0,0,0,0,0,0,0,0,0,0,0
163069,90000.0,573628.5,0.035792,-18087,-6593,-1497.0,-1616,1.0,13,0.7027233484306864,0.3217352821966848,3.0,0.0,0.0,0.0,0.0,0.0,0.0,0.0,0.0,Cash loans,F,N,Y,Family,Working,Secondary / secondary special,Widow,House / apartment,1,1,1,1,0,0,Medicine staff,2,2,TUESDAY,0,0,0,0,0,0,Hotel,0,1,0,0,0,0,0,0,0,0,0,0,0,0,0,0,1,0,0,0,0
114998,180000.0,314100.0,0.009175,-12028,-2886,-6170.0,-4060,2.0,16,0.7039097121474709,0.2115507642052577,5.0,1.0,-397.0,0.0,0.0,0.0,0.0,0.0,0.0,Cash loans,F,N,N,Unaccompanied,Working,Higher education,Civil marriage,House / apartment,1,1,0,1,0,0,Laborers,2,2,MONDAY,0,0,0,0,0,0,Other,0,1,0,0,0,0,0,0,0,0,0,0,0,0,0,0,1,0,0,0,0
429001,112500.0,593010.0,0.006852,-13299,-3438,-5355.0,-2658,3.0,4,0.2001235287468074,0.7165702448010511,0.0,0.0,-1468.0,0.0,0.0,0.0,0.0,0.0,0.0,Cash loans,F,Y,Y,Unaccompanied,State servant,Incomplete higher,Married,House / apartment,1,1,1,1,1,0,Core staff,3,3,MONDAY,0,0,0,0,0,0,Medicine,0,1,0,0,0,0,0,0,0,0,0,0,0,0,0,0,0,0,0,0,0
354427,202500.0,355536.0,0.018801,-17440,-4033,-2305.0,-971,2.0,11,0.5253301752522973,0.5709165417729987,5.0,0.0,-2401.0,0.0,0.0,0.0,0.0,0.0,1.0,Cash loans,M,Y,Y,Unaccompanied,Commercial associate,Secondary / secondary special,Married,House / apartment,1,1,0,1,0,0,Managers,2,2,SUNDAY,0,0,0,0,0,0,Security Ministries,0,1,0,0,0,0,0,0,0,0,0,0,0,0,0,0,0,0,0,0,0
214445,225000.0,900000.0,0.0196889999999999,-22592,0,-8774.0,-1276,2.0,9,0.6445872952246072,0.8203829585116356,0.0,0.0,-406.0,0.0,0.0,0.0,0.0,0.0,0.0,Revolving loans,M,Y,Y,Unaccompanied,Pensioner,Higher education,Married,House / apartment,1,0,0,1,0,0,Laborers,2,2,MONDAY,0,0,0,0,0,0,XNA,0,0,0,0,0,0,0,0,0,0,0,0,0,0,0,0,0,0,0,0,0
196785,180000.0,256500.0,0.006629,-9982,-2086,-696.0,-878,2.0,11,0.6724379459677915,0.5460231970049609,1.0,0.0,-173.0,0.0,0.0,0.0,0.0,0.0,4.0,Cash loans,F,Y,Y,Unaccompanied,Working,Secondary / secondary special,Married,House / apartment,1,1,0,1,0,0,Laborers,2,2,MONDAY,0,0,0,0,0,0,Construction,0,1,0,0,0,0,0,0,0,0,0,0,0,0,0,0,0,0,0,0,0
138645,202500.0,180000.0,0.01885,-20514,0,-12924.0,-4059,2.0,14,0.7188714100141955,0.6479768603302221,0.0,0.0,-1546.0,0.0,0.0,0.0,0.0,0.0,2.0,Revolving loans,F,Y,N,Unaccompanied,Pensioner,Higher education,Married,House / apartment,1,0,0,1,0,0,Laborers,2,2,WEDNESDAY,0,0,0,0,0,0,XNA,0,0,0,0,0,0,0,0,0,0,0,0,0,0,0,0,0,0,0,0,0
366361,225000.0,677664.0,0.032561,-16037,-6887,-4543.0,-4890,2.0,16,0.7328072075895825,0.6178261467332483,0.0,0.0,-2054.0,0.0,0.0,0.0,1.0,0.0,1.0,Cash loans,F,Y,Y,Unaccompanied,Working,Higher education,Married,House / apartment,1,1,0,1,1,0,Core staff,1,1,FRIDAY,0,0,0,0,0,0,Other,0,1,0,0,0,0,0,0,0,0,0,0,0,0,0,0,0,0,0,0,0
144174,225000.0,1006920.0,0.035792,-9181,-446,-3377.0,-1849,1.0,15,0.6046748130271035,0.5867400085415683,1.0,0.0,-353.0,0.0,0.0,0.0,0.0,0.0,2.0,Cash loans,M,Y,N,Unaccompanied,Working,Secondary / secondary special,Single / not married,House / apartment,1,1,1,1,0,0,Laborers,2,2,THURSDAY,0,0,0,0,0,0,Transport: type 4,0,0,0,0,0,0,1,0,0,0,0,0,0,0,0,0,0,0,0,0,0
299300,247500.0,2149776.0,0.002506,-19284,-3263,-10906.0,-2813,2.0,6,0.6838160177043979,0.6594055320683344,4.0,0.0,-476.0,0.0,0.0,0.0,0.0,2.0,1.0,Cash loans,F,N,Y,Family,State servant,Secondary / secondary special,Married,Municipal apartment,1,1,0,1,1,0,Core staff,2,2,FRIDAY,0,0,0,0,0,0,Medicine,0,1,0,0,0,0,0,0,0,0,0,0,0,0,0,0,0,0,0,0,0
432149,157500.0,562500.0,0.028663,-15472,-284,-4896.0,-876,2.0,11,0.4762878904131987,0.3910549766342248,4.0,1.0,-418.0,0.0,0.0,0.0,0.0,0.0,5.0,Cash loans,M,N,Y,"Spouse, partner",Working,Secondary / secondary special,Married,House / apartment,1,1,0,1,0,0,Laborers,2,2,MONDAY,0,0,0,0,0,0,Business Entity Type 3,0,1,0,0,0,0,0,0,0,0,0,0,0,0,0,0,0,0,0,0,0
329529,135000.0,983299.5,0.025164,-19819,-10626,-10642.0,-3239,2.0,11,0.649058220865996,0.6817058776720116,0.0,0.0,-422.0,0.0,0.0,0.0,1.0,0.0,0.0,Cash loans,F,N,Y,"Spouse, partner",Working,Higher education,Married,House / apartment,1,1,0,1,0,0,Laborers,2,2,SUNDAY,0,0,0,0,0,0,Industry: type 11,0,1,0,0,0,0,0,0,0,0,0,0,0,0,0,0,0,0,0,0,0
307590,157500.0,521280.0,0.022625,-20291,0,-3619.0,-3828,2.0,12,0.520616784407961,0.7662336700704004,0.0,0.0,-1780.0,0.0,0.0,0.0,3.0,0.0,4.0,Cash loans,M,Y,Y,Unaccompanied,Pensioner,Secondary / secondary special,Married,House / apartment,1,0,0,1,0,0,Laborers,2,2,TUESDAY,0,0,0,0,0,0,XNA,0,1,0,0,0,0,0,0,0,0,0,0,0,0,0,0,0,0,0,0,0
403642,225000.0,1113840.0,0.032561,-19134,-1588,-1542.0,-2694,3.0,13,0.3410295303677477,0.746300213050371,1.0,0.0,-1397.0,0.0,0.0,0.0,0.0,0.0,2.0,Cash loans,F,N,Y,Unaccompanied,Commercial associate,Higher education,Married,House / apartment,1,1,0,1,1,0,Laborers,1,1,WEDNESDAY,0,0,0,0,0,0,Business Entity Type 3,0,1,0,0,0,0,0,0,0,0,0,0,0,0,0,0,0,0,0,0,0
366423,216000.0,988875.0,0.018634,-11826,-3463,-3576.0,-3159,2.0,12,0.5370486096103491,0.6894791426446275,0.0,0.0,-29.0,0.0,0.0,0.0,1.0,0.0,3.0,Cash loans,F,Y,Y,Unaccompanied,Commercial associate,Secondary / secondary special,Married,House / apartment,1,1,0,1,0,1,Sales staff,2,2,THURSDAY,0,0,0,0,0,0,Services,0,1,0,0,0,0,0,0,0,0,0,0,0,0,0,0,0,0,0,0,0
149952,76500.0,270000.0,0.015221,-21920,-1046,-12016.0,-4767,1.0,9,0.2752958301435746,0.5352762504724826,0.0,0.0,-339.0,0.0,0.0,0.0,0.0,0.0,1.0,Cash loans,F,N,Y,Unaccompanied,Working,Higher education,Widow,House / apartment,1,1,0,1,0,0,Core staff,2,2,TUESDAY,0,0,0,0,0,0,Kindergarten,0,1,0,0,0,0,0,0,0,0,0,0,0,0,0,0,0,0,0,0,0
189268,225000.0,247275.0,0.018634,-13408,-3251,-5789.0,-5159,2.0,16,0.5738993394370083,0.4365064990977374,0.0,0.0,-1223.0,0.0,0.0,0.0,0.0,0.0,0.0,Cash loans,F,N,Y,Unaccompanied,Working,Incomplete higher,Single / not married,House / apartment,1,1,0,1,1,0,Private service staff,2,2,TUESDAY,0,0,0,0,0,0,Trade: type 3,0,1,0,0,0,0,0,0,0,0,0,0,0,0,0,0,0,0,0,0,0
261596,675000.0,2517300.0,0.0072739999999999,-9759,-1538,-6615.0,-226,3.0,12,0.7096154140381874,0.2525986978339766,1.0,0.0,0.0,0.0,0.0,0.0,0.0,0.0,0.0,Cash loans,F,Y,Y,Unaccompanied,Commercial associate,Higher education,Married,House / apartment,1,1,0,1,0,0,Managers,2,2,WEDNESDAY,0,0,0,0,0,0,Business Entity Type 3,0,1,0,0,0,0,0,0,0,0,0,0,0,0,1,0,0,0,0,0,0
139615,270000.0,824823.0,0.00702,-17252,-2474,-9633.0,-805,2.0,9,0.5305728443943026,0.5154953751603267,0.0,0.0,-1694.0,0.0,0.0,0.0,1.0,0.0,3.0,Cash loans,M,N,Y,Unaccompanied,Working,Secondary / secondary special,Married,House / apartment,1,1,0,1,0,0,Laborers,2,2,FRIDAY,0,0,0,0,1,1,Construction,0,1,0,0,0,0,0,0,0,0,0,0,0,0,0,0,0,0,0,0,0
288894,135000.0,458235.0,0.010966,-17988,-1583,-8833.0,-1529,2.0,16,0.2086135849101029,0.5442347412142162,6.0,1.0,0.0,0.0,0.0,0.0,1.0,0.0,3.0,Cash loans,F,N,Y,Unaccompanied,Working,Secondary / secondary special,Married,House / apartment,1,1,0,1,0,0,Laborers,2,2,THURSDAY,0,0,0,0,0,0,Business Entity Type 3,0,1,0,0,0,0,0,0,0,0,0,0,0,0,0,0,0,0,0,0,0
387560,126000.0,225000.0,0.026392,-23611,0,-3878.0,-4265,2.0,12,0.4456307526614687,0.1385128770585923,0.0,0.0,0.0,0.0,0.0,0.0,0.0,1.0,0.0,Cash loans,F,N,Y,Family,Pensioner,Secondary / secondary special,Civil marriage,House / apartment,1,0,0,1,0,0,Laborers,2,2,THURSDAY,0,0,0,0,0,0,XNA,0,0,0,0,1,0,0,0,0,0,0,0,0,0,0,0,0,0,0,0,0
333946,157500.0,1350000.0,0.006233,-16849,-952,-3270.0,-386,2.0,17,0.7259662125969979,0.4436153084085652,0.0,0.0,-2621.0,0.0,0.0,0.0,0.0,0.0,0.0,Cash loans,F,N,Y,Unaccompanied,Commercial associate,Higher education,Married,House / apartment,1,1,0,1,1,0,Accountants,2,2,WEDNESDAY,0,0,0,0,0,0,Business Entity Type 3,0,1,0,0,0,0,0,0,0,0,0,0,0,0,0,0,0,0,0,0,0
230840,108000.0,180000.0,0.010032,-8172,-1268,-4574.0,-845,2.0,5,0.3161636004529044,0.4776491548517548,0.0,0.0,-333.0,0.0,0.0,0.0,0.0,0.0,1.0,Revolving loans,F,Y,Y,Unaccompanied,Working,Secondary / secondary special,Civil marriage,House / apartment,1,1,0,1,0,0,Laborers,2,2,SATURDAY,0,0,0,1,1,0,Self-employed,0,0,0,0,0,0,0,0,0,0,0,0,0,0,0,0,0,0,0,0,0
109901,90000.0,189000.0,0.011703,-20383,0,-5418.0,-3798,2.0,14,0.5296087087975136,0.6528965519806539,2.0,0.0,-804.0,0.0,0.0,0.0,0.0,0.0,3.0,Cash loans,F,N,Y,Unaccompanied,Pensioner,Secondary / secondary special,Married,House / apartment,1,0,0,1,0,0,Laborers,2,2,TUESDAY,0,0,0,0,0,0,XNA,0,0,0,0,1,0,0,0,0,0,0,0,0,0,0,0,0,0,0,0,0
344839,180000.0,288873.0,0.030755,-10426,-115,-4882.0,-2923,2.0,15,0.4800255492692374,0.5352762504724826,0.0,0.0,-661.0,0.0,0.0,0.0,0.0,0.0,1.0,Cash loans,M,N,N,"Spouse, partner",Working,Secondary / secondary special,Married,House / apartment,1,1,0,1,0,0,Laborers,2,2,MONDAY,0,0,0,0,1,1,Business Entity Type 3,0,1,0,0,0,0,0,0,0,0,0,0,0,0,0,0,0,0,0,0,0
377311,180000.0,1078200.0,0.010556,-22985,0,-8101.0,-4263,2.0,11,0.5937677384646693,0.7530673920730478,9.0,0.0,-1581.0,0.0,0.0,0.0,0.0,2.0,4.0,Cash loans,F,N,Y,Unaccompanied,Pensioner,Secondary / secondary special,Married,House / apartment,1,0,0,1,0,0,Laborers,3,3,WEDNESDAY,0,0,0,0,0,0,XNA,0,0,0,0,1,0,0,0,0,0,0,0,0,0,0,0,0,0,0,0,0
102756,90000.0,690579.0,0.025164,-14086,-2197,-3289.0,-4269,3.0,13,0.2712743514774837,0.622922000268356,0.0,0.0,-1698.0,0.0,0.0,0.0,0.0,0.0,0.0,Cash loans,F,N,N,Family,Commercial associate,Secondary / secondary special,Married,House / apartment,1,1,0,1,0,0,Sales staff,2,2,TUESDAY,0,0,0,0,0,0,Self-employed,0,1,0,0,0,0,0,0,0,0,0,0,0,0,0,0,0,0,0,0,0
442300,270000.0,755190.0,0.020713,-22606,0,-3169.0,-779,2.0,8,0.488244757705824,0.4974688893052743,3.0,0.0,-1688.0,0.0,0.0,0.0,0.0,0.0,0.0,Cash loans,M,Y,Y,Unaccompanied,Pensioner,Higher education,Married,House / apartment,1,0,0,1,0,0,Laborers,3,2,THURSDAY,0,0,0,0,0,0,XNA,0,0,0,0,1,0,0,0,0,0,0,0,0,0,0,0,0,0,0,0,0
373496,225000.0,1006920.0,0.04622,-11210,-2761,-5520.0,-3546,4.0,16,0.7411822738958668,0.5937175866150576,0.0,0.0,-393.0,0.0,0.0,0.0,0.0,0.0,0.0,Cash loans,F,Y,Y,Unaccompanied,State servant,Higher education,Married,House / apartment,1,1,0,1,0,0,Managers,1,1,SUNDAY,0,0,0,0,1,1,Government,0,1,0,0,0,0,0,0,0,0,0,0,0,0,0,0,0,0,0,0,0
396440,135000.0,271957.5,0.04622,-21645,0,-10599.0,-5027,2.0,12,0.6815801670439084,0.3441550073724169,0.0,0.0,-4.0,0.0,0.0,0.0,0.0,0.0,0.0,Cash loans,F,N,N,Unaccompanied,Pensioner,Higher education,Married,House / apartment,1,0,0,1,1,0,Laborers,1,1,SATURDAY,0,0,0,0,0,0,XNA,0,0,0,0,1,0,0,0,0,0,0,0,0,0,0,0,0,0,0,0,0
288419,90000.0,96786.0,0.030755,-13221,-1166,-4114.0,-4112,1.0,14,0.5976491891325955,0.3606125659189888,0.0,0.0,-187.0,0.0,0.0,0.0,0.0,2.0,7.0,Cash loans,M,Y,Y,Unaccompanied,Working,Secondary / secondary special,Single / not married,House / apartment,1,1,0,1,0,0,Low-skill Laborers,2,2,TUESDAY,0,0,0,0,1,1,Self-employed,0,1,0,0,0,0,0,0,0,0,0,0,0,0,0,0,0,0,0,0,0
411435,112500.0,122256.0,0.025164,-21696,0,-1609.0,-5200,2.0,11,0.6263489802326726,0.6397075677637197,2.0,0.0,-2184.0,0.0,0.0,0.0,0.0,0.0,4.0,Cash loans,F,N,Y,Unaccompanied,Pensioner,Secondary / secondary special,Married,House / apartment,1,0,0,1,0,0,Laborers,2,2,TUESDAY,0,0,0,0,0,0,XNA,0,0,0,0,1,0,0,0,0,0,0,0,0,0,0,0,0,0,0,0,0
238036,112500.0,508495.5,0.0038179999999999,-21174,-657,-7321.0,-4322,2.0,6,0.3817185712343794,0.6738300778602003,6.0,0.0,-338.0,0.0,0.0,0.0,0.0,1.0,0.0,Cash loans,M,N,Y,Unaccompanied,Commercial associate,Secondary / secondary special,Married,House / apartment,1,1,1,1,0,1,Laborers,2,2,THURSDAY,0,0,0,0,0,0,Business Entity Type 3,0,1,0,0,0,0,0,0,0,0,0,0,0,0,0,0,0,0,0,0,0
137930,67500.0,693301.5,0.006852,-16323,-6814,-10396.0,-4429,3.0,13,0.7847606504464321,0.816092360478441,0.0,0.0,-3156.0,0.0,0.0,0.0,0.0,0.0,1.0,Cash loans,F,N,N,Unaccompanied,State servant,Higher education,Civil marriage,House / apartment,1,1,1,1,1,1,Core staff,3,3,WEDNESDAY,0,0,0,0,0,0,School,0,1,0,0,0,0,0,0,0,0,0,0,0,0,0,0,0,0,0,0,0
408875,180000.0,675000.0,0.010006,-15639,-4735,-2233.0,-1484,4.0,15,0.7317955154374451,0.6479768603302221,3.0,0.0,-359.0,0.0,0.0,0.0,0.0,1.0,3.0,Cash loans,F,N,Y,Unaccompanied,Working,Higher education,Married,House / apartment,1,1,1,1,1,0,Medicine staff,2,2,FRIDAY,0,0,0,0,0,0,Medicine,0,1,0,0,0,0,0,0,0,0,0,0,0,0,0,0,0,0,0,0,0
351505,112500.0,753840.0,0.04622,-14670,-3848,-3329.0,-4124,5.0,13,0.684746700519692,0.5352762504724826,0.0,0.0,-2871.0,0.0,0.0,0.0,0.0,0.0,6.0,Cash loans,F,N,Y,Family,Working,Lower secondary,Married,House / apartment,1,1,0,1,1,0,Laborers,1,1,SATURDAY,0,0,0,0,0,0,Business Entity Type 3,0,1,0,0,0,0,0,0,0,0,0,0,0,0,0,0,0,0,0,0,0
232092,225000.0,994891.5,0.020246,-20972,0,-5279.0,-3999,2.0,10,0.6166011061731194,0.8128226070575616,2.0,0.0,-787.0,0.0,0.0,1.0,0.0,0.0,2.0,Cash loans,F,N,Y,Family,Pensioner,Secondary / secondary special,Married,House / apartment,1,0,0,1,0,0,Laborers,3,3,FRIDAY,0,0,0,0,0,0,XNA,0,0,0,0,1,0,0,0,0,0,0,0,0,0,0,0,0,0,0,0,0
260761,225000.0,630000.0,0.04622,-15285,-2498,-1077.0,-4345,3.0,14,0.6770068459408171,0.3360615207658242,1.0,0.0,-1268.0,0.0,0.0,0.0,0.0,0.0,0.0,Revolving loans,M,Y,Y,Unaccompanied,Working,Secondary / secondary special,Married,House / apartment,1,1,0,1,0,0,Laborers,1,1,WEDNESDAY,0,0,0,0,1,1,Business Entity Type 3,0,0,0,0,0,0,1,0,0,0,0,0,0,0,0,0,0,0,0,0,0
404361,225000.0,774000.0,0.028663,-9207,-248,-660.0,-1896,2.0,8,0.4346117690781384,0.3233112448967859,2.0,1.0,0.0,0.0,0.0,0.0,0.0,0.0,0.0,Cash loans,M,Y,Y,Unaccompanied,Commercial associate,Secondary / secondary special,Married,House / apartment,1,1,0,1,0,0,Drivers,2,2,WEDNESDAY,0,0,0,0,0,0,Business Entity Type 3,0,1,0,0,0,0,0,0,0,0,0,0,0,0,0,0,0,0,0,0,0
181611,135000.0,540000.0,0.010032,-14678,-3374,-2679.0,-5728,2.0,8,0.5407707372846806,0.2525986978339766,0.0,0.0,-1422.0,0.0,0.0,0.0,1.0,0.0,3.0,Cash loans,F,N,N,Unaccompanied,Working,Higher education,Single / not married,House / apartment,1,1,1,1,1,0,Laborers,2,2,SATURDAY,0,0,0,0,0,0,Other,0,1,0,0,0,0,0,0,0,0,0,0,0,0,0,0,0,0,0,0,0
143624,157500.0,562500.0,0.030755,-16458,-721,-5326.0,-13,2.0,14,0.0156873572153752,0.324891229465852,0.0,0.0,-1889.0,0.0,0.0,0.0,1.0,0.0,1.0,Cash loans,F,Y,Y,Family,Working,Secondary / secondary special,Married,Municipal apartment,1,1,0,1,0,0,Sales staff,2,2,MONDAY,0,0,0,0,0,0,Self-employed,0,1,0,0,0,0,0,0,0,0,0,0,0,0,0,0,0,0,0,0,0
159992,225000.0,1288350.0,0.030755,-10268,-1795,-2513.0,-2933,2.0,17,0.5824695924610529,0.5602843280409464,1.0,0.0,-2133.0,0.0,0.0,0.0,0.0,0.0,4.0,Cash loans,F,N,N,Family,Working,Higher education,Married,House / apartment,1,1,1,1,0,0,Core staff,2,2,THURSDAY,0,0,0,0,0,0,School,0,1,0,0,0,0,0,0,0,0,0,0,0,0,0,0,0,0,0,0,0
187304,157500.0,360000.0,0.026392,-15885,-3281,-6502.0,-4836,2.0,10,0.6992306557534393,0.746300213050371,13.0,2.0,-1196.0,0.0,0.0,0.0,0.0,1.0,1.0,Cash loans,M,Y,Y,Unaccompanied,State servant,Secondary / secondary special,Married,House / apartment,1,1,0,1,0,0,Laborers,2,2,TUESDAY,0,0,0,0,0,0,Self-employed,0,0,0,0,0,0,1,0,0,0,0,0,0,0,0,0,0,0,0,0,0
306436,337500.0,1057266.0,0.032561,-13773,-4188,-7832.0,-4611,2.0,13,0.6679864871584188,0.5136937663039473,0.0,0.0,-1553.0,0.0,0.0,0.0,0.0,1.0,1.0,Cash loans,M,N,Y,Unaccompanied,Commercial associate,Secondary / secondary special,Married,House / apartment,1,1,0,1,0,1,Laborers,1,1,MONDAY,0,0,0,0,0,0,Construction,0,1,0,0,0,0,0,0,0,0,0,0,0,0,0,0,0,0,0,0,0
419539,180000.0,497520.0,0.0084739999999999,-9955,-139,-1098.0,-2071,4.0,16,0.6246739533807626,0.190705947811054,0.0,0.0,-607.0,0.0,0.0,0.0,0.0,0.0,3.0,Cash loans,M,N,Y,Unaccompanied,Working,Secondary / secondary special,Married,House / apartment,1,1,0,1,0,0,Laborers,2,2,TUESDAY,0,0,0,0,1,1,Housing,0,1,0,0,0,0,0,0,0,0,0,0,0,0,0,0,0,0,0,0,0
387343,180000.0,676629.0,0.018634,-21990,-14352,-6083.0,-4145,2.0,17,0.6123428946707863,0.5154953751603267,1.0,0.0,-7.0,0.0,0.0,0.0,0.0,0.0,1.0,Cash loans,F,N,Y,Unaccompanied,Working,Secondary / secondary special,Married,House / apartment,1,1,0,1,0,0,Laborers,2,2,WEDNESDAY,0,0,0,0,0,0,Business Entity Type 3,0,1,0,0,0,0,0,0,0,0,0,0,0,0,0,0,0,0,0,0,0
417814,148500.0,1125000.0,0.035792,-23012,-918,-11938.0,-4397,2.0,10,0.6543642160263696,0.5352762504724826,0.0,0.0,-1477.0,0.0,0.0,0.0,0.0,0.0,3.0,Cash loans,F,Y,N,Unaccompanied,Working,Secondary / secondary special,Married,House / apartment,1,1,1,1,0,0,Security staff,2,2,THURSDAY,0,0,0,0,1,1,Construction,0,1,0,0,0,0,0,0,0,0,0,0,0,0,0,0,0,0,0,0,0
250851,211500.0,755190.0,0.025164,-12733,-1421,-169.0,-4622,3.0,9,0.2598076423985638,0.6144143775673561,2.0,0.0,0.0,0.0,0.0,0.0,0.0,0.0,6.0,Cash loans,M,Y,Y,Family,Working,Secondary / secondary special,Married,House / apartment,1,1,1,1,0,0,Laborers,2,2,FRIDAY,0,0,0,0,0,0,Industry: type 7,0,1,0,0,0,0,0,0,0,0,0,0,0,0,0,0,0,0,0,0,0
451902,54000.0,234369.0,0.020246,-24108,0,-3983.0,-5197,1.0,10,0.5404991979001275,0.5352762504724826,1.0,0.0,-1613.0,0.0,0.0,0.0,0.0,0.0,1.0,Cash loans,F,N,N,Unaccompanied,Pensioner,Secondary / secondary special,Widow,House / apartment,1,0,0,1,0,0,Laborers,3,3,THURSDAY,0,0,0,0,0,0,XNA,0,0,0,0,1,0,0,0,0,0,0,0,0,0,0,0,0,0,0,0,0
175883,157500.0,790830.0,0.020246,-14176,-4467,-993.0,-1505,2.0,8,0.5117753988828594,0.3825018041447388,1.0,0.0,-892.0,0.0,0.0,0.0,0.0,0.0,2.0,Cash loans,F,N,Y,Unaccompanied,State servant,Higher education,Married,House / apartment,1,1,0,1,0,1,Core staff,3,3,THURSDAY,0,0,0,0,0,0,Government,0,1,0,0,0,0,0,0,0,0,0,0,0,0,0,0,0,0,0,0,0
317791,202500.0,315000.0,0.032561,-9668,-2813,-5901.0,-2266,3.0,16,0.6352558852046903,0.2985949897873972,1.0,1.0,-808.0,0.0,0.0,0.0,0.0,1.0,0.0,Cash loans,M,Y,Y,Unaccompanied,Working,Secondary / secondary special,Married,House / apartment,1,1,0,1,0,1,Managers,1,1,TUESDAY,0,0,0,0,1,1,Industry: type 3,0,1,0,0,0,0,0,0,0,0,0,0,0,0,0,0,0,0,0,0,0
331482,216000.0,1288350.0,0.008625,-12240,-3216,-1992.0,-3974,4.0,13,0.6244380820610375,0.4365064990977374,0.0,0.0,-377.0,0.0,0.0,0.0,0.0,0.0,0.0,Cash loans,M,Y,Y,Unaccompanied,Working,Secondary / secondary special,Married,House / apartment,1,1,0,1,0,0,Laborers,2,2,SATURDAY,0,0,0,0,0,0,Industry: type 11,0,1,0,0,0,0,0,0,0,0,0,0,0,0,0,0,0,0,0,0,0
133202,112500.0,1040985.0,0.008068,-14638,-1105,-6276.0,-4443,2.0,6,0.3983069703653537,0.6006575372857061,0.0,0.0,-2831.0,0.0,0.0,0.0,1.0,1.0,2.0,Cash loans,F,N,Y,Unaccompanied,Commercial associate,Secondary / secondary special,Married,House / apartment,1,1,0,1,0,0,Cooking staff,3,3,MONDAY,0,0,0,0,0,0,Business Entity Type 3,0,1,0,0,0,0,0,0,0,0,0,0,0,0,0,0,0,0,0,0,0
255958,247500.0,1125000.0,0.031329,-18957,-2669,-11349.0,-2444,2.0,11,0.7384969465963286,0.4223696523543468,0.0,0.0,-2228.0,0.0,0.0,0.0,0.0,1.0,0.0,Cash loans,F,Y,N,Unaccompanied,Working,Secondary / secondary special,Married,Office apartment,1,1,1,1,0,0,Managers,2,2,WEDNESDAY,0,0,0,0,0,0,Business Entity Type 3,0,1,0,0,0,0,0,0,0,0,0,0,0,0,0,0,0,0,0,0,0
154035,157500.0,659610.0,0.00702,-19165,-4701,-12152.0,-2702,2.0,16,0.7066143058947201,0.7517237147741489,0.0,0.0,-1557.0,0.0,0.0,0.0,0.0,0.0,1.0,Cash loans,F,N,N,Unaccompanied,State servant,Secondary / secondary special,Married,House / apartment,1,1,0,1,0,0,High skill tech staff,2,2,FRIDAY,0,0,0,0,0,0,Government,0,1,0,0,0,0,0,0,0,0,0,0,0,0,0,0,0,0,0,0,0
343984,157500.0,675000.0,0.018209,-22162,0,-7779.0,-4520,2.0,13,0.1326335945349215,0.6296742509538716,0.0,0.0,-1163.0,0.0,0.0,0.0,0.0,0.0,0.0,Cash loans,M,Y,Y,Unaccompanied,Pensioner,Higher education,Married,House / apartment,1,0,0,1,1,0,Laborers,3,3,SATURDAY,0,0,0,0,0,0,XNA,0,1,0,0,0,0,0,0,0,0,0,0,0,0,0,0,0,0,0,0,0
456020,180000.0,1147500.0,0.010643,-23047,0,-3368.0,-4877,2.0,15,0.6461087891127391,0.7713615919194317,0.0,0.0,-2058.0,0.0,0.0,0.0,0.0,0.0,1.0,Cash loans,F,N,Y,Children,Pensioner,Secondary / secondary special,Married,House / apartment,1,0,0,1,1,0,Laborers,2,2,SATURDAY,0,0,0,0,0,0,XNA,0,1,0,0,0,0,0,0,0,0,0,0,0,0,0,0,0,0,0,0,0
165160,157500.0,254700.0,0.035792,-15560,-436,-8091.0,-4867,2.0,13,0.6781390802285061,0.8307666055019554,0.0,0.0,-181.0,0.0,0.0,0.0,0.0,0.0,0.0,Cash loans,M,Y,Y,Family,Working,Secondary / secondary special,Married,House / apartment,1,1,0,1,0,0,Laborers,2,2,THURSDAY,0,0,0,0,1,1,Business Entity Type 3,0,0,0,0,0,0,1,0,0,0,0,0,0,0,0,0,0,0,0,0,0
411887,202500.0,180000.0,0.018029,-8832,-44,-3388.0,-1469,4.0,12,0.3683474918744791,0.2925880073368475,2.0,0.0,-1797.0,0.0,0.0,0.0,0.0,0.0,2.0,Revolving loans,M,N,N,Unaccompanied,Commercial associate,Secondary / secondary special,Married,House / apartment,1,1,0,1,1,1,Laborers,3,3,THURSDAY,0,0,0,0,0,0,Business Entity Type 3,0,0,0,1,0,0,0,0,0,0,0,0,0,0,0,0,0,0,0,0,0
393917,90000.0,152820.0,0.008019,-18765,-230,-11981.0,-2320,2.0,16,0.5746638509651143,0.3774042489507649,6.0,0.0,-2732.0,0.0,0.0,0.0,0.0,0.0,4.0,Cash loans,M,Y,Y,Unaccompanied,Working,Secondary / secondary special,Married,House / apartment,1,1,0,1,1,0,Security staff,2,2,MONDAY,0,1,1,0,0,0,Security,0,0,0,0,0,0,1,0,0,0,0,0,0,0,0,0,0,0,0,0,0
436259,90000.0,709866.0,0.003813,-18570,-5976,-5662.0,-2114,1.0,5,0.3527305036943843,0.7016957740576931,11.0,1.0,-1564.0,0.0,0.0,0.0,0.0,0.0,1.0,Cash loans,F,N,N,Family,State servant,Secondary / secondary special,Widow,House / apartment,1,1,0,1,0,0,Core staff,2,2,MONDAY,0,0,0,0,0,0,School,0,1,0,0,0,0,0,0,0,0,0,0,0,0,0,0,0,0,0,0,0
454076,180000.0,270000.0,0.018801,-13601,-3210,-7303.0,-3893,2.0,9,0.5601188260573293,0.5352762504724826,0.0,0.0,-1513.0,0.0,0.0,0.0,0.0,1.0,1.0,Revolving loans,F,N,N,Unaccompanied,Commercial associate,Secondary / secondary special,Married,House / apartment,1,1,0,1,0,0,Laborers,2,2,SATURDAY,0,0,0,0,0,0,Business Entity Type 3,0,0,0,0,0,0,0,0,0,0,0,0,0,0,0,0,0,0,0,0,0
159717,103500.0,284400.0,0.009175,-11259,-4416,-723.0,-1450,4.0,13,0.6973463569925005,0.2622489709189549,0.0,0.0,-1560.0,0.0,0.0,0.0,0.0,0.0,1.0,Cash loans,F,N,Y,"Spouse, partner",Working,Secondary / secondary special,Married,House / apartment,1,1,1,1,0,0,Sales staff,2,2,WEDNESDAY,0,0,0,0,0,0,Business Entity Type 3,0,1,0,0,0,0,0,0,0,0,0,0,0,0,0,0,0,0,0,0,0
140508,180000.0,248760.0,0.006233,-10215,-2401,-10190.0,-781,3.0,11,0.6913970822666173,0.1285043773724039,1.0,0.0,-1825.0,0.0,0.0,0.0,1.0,0.0,2.0,Cash loans,M,N,Y,Unaccompanied,Commercial associate,Secondary / secondary special,Married,House / apartment,1,1,0,1,0,1,Laborers,2,2,MONDAY,0,0,0,0,0,0,Housing,0,0,0,0,0,0,1,0,0,0,0,0,0,0,0,0,0,0,0,0,0
290285,90000.0,640080.0,0.02461,-13018,-2889,-3230.0,-1830,5.0,11,0.4317231363734817,0.5352762504724826,2.0,0.0,-1909.0,0.0,0.0,0.0,0.0,0.0,1.0,Cash loans,F,N,Y,Unaccompanied,Working,Secondary / secondary special,Civil marriage,House / apartment,1,1,1,1,0,0,Cleaning staff,2,2,SATURDAY,0,0,0,0,0,0,Trade: type 7,0,0,0,1,0,0,0,0,0,0,0,0,0,0,0,0,0,0,0,0,0
193333,315000.0,1113840.0,0.0228,-16861,-8234,-615.0,-378,3.0,14,0.4464520430390672,0.656158373001177,0.0,0.0,-248.0,0.0,0.0,0.0,0.0,0.0,1.0,Cash loans,M,Y,Y,Unaccompanied,State servant,Incomplete higher,Married,House / apartment,1,1,0,1,0,0,Medicine staff,2,2,MONDAY,0,0,0,0,0,0,Medicine,0,0,0,0,0,0,1,0,0,0,0,0,0,0,0,0,0,0,0,0,0
310944,180000.0,632664.0,0.006852,-21394,-2378,-6691.0,-4729,2.0,7,0.4268638620523085,0.6832688314232291,1.0,1.0,-2116.0,0.0,0.0,0.0,1.0,0.0,0.0,Cash loans,M,Y,Y,Unaccompanied,Working,Secondary / secondary special,Married,House / apartment,1,1,0,1,0,0,Managers,3,3,MONDAY,0,0,0,0,0,0,Other,0,0,0,0,0,0,1,0,0,0,0,0,0,0,0,0,0,0,0,0,0
429220,126000.0,391500.0,0.030755,-8925,-1350,-3570.0,-1588,3.0,12,0.6436348732394035,0.5937175866150576,3.0,0.0,-1430.0,0.0,0.0,0.0,0.0,0.0,1.0,Cash loans,M,Y,N,"Spouse, partner",Working,Secondary / secondary special,Married,House / apartment,1,1,1,1,1,0,Security staff,2,2,FRIDAY,0,0,0,0,1,1,Security,0,1,0,0,0,0,0,0,0,0,0,0,0,0,0,0,0,0,0,0,0
272830,135000.0,610335.0,0.00496,-22703,0,-12.0,-4174,1.0,13,0.7762233569098129,0.5744466170995097,0.0,0.0,-1665.0,0.0,0.0,0.0,0.0,0.0,3.0,Cash loans,F,N,Y,Unaccompanied,Pensioner,Secondary / secondary special,Widow,House / apartment,1,0,0,1,1,0,Laborers,2,2,MONDAY,0,0,0,0,0,0,XNA,0,0,0,0,1,0,0,0,0,0,0,0,0,0,0,0,0,0,0,0,0
414154,180000.0,1006920.0,0.010643,-14077,-1000,-3461.0,-2507,3.0,15,0.610560920553647,0.7597121819739279,0.0,0.0,-364.0,0.0,0.0,0.0,0.0,0.0,1.0,Cash loans,M,N,Y,"Spouse, partner",Working,Higher education,Married,House / apartment,1,1,0,1,0,0,Laborers,2,2,SATURDAY,0,0,0,0,0,0,Business Entity Type 3,0,1,0,0,0,0,0,0,0,0,0,0,0,0,0,0,0,0,0,0,0
354576,135000.0,451647.0,0.030755,-19893,0,-13733.0,-3423,2.0,9,0.6444670522672273,0.6178261467332483,0.0,0.0,-998.0,0.0,0.0,1.0,0.0,0.0,5.0,Cash loans,F,N,Y,Unaccompanied,Pensioner,Secondary / secondary special,Married,House / apartment,1,0,0,1,0,0,Laborers,2,2,TUESDAY,0,0,0,0,0,0,XNA,0,0,0,0,1,0,0,0,0,0,0,0,0,0,0,0,0,0,0,0,0
369837,162000.0,1066320.0,0.025164,-18735,-3282,-8236.0,-2149,2.0,9,0.4760806197002011,0.6738300778602003,0.0,0.0,-501.0,0.0,0.0,2.0,0.0,0.0,0.0,Cash loans,M,N,Y,Unaccompanied,Working,Higher education,Married,House / apartment,1,1,0,1,0,0,High skill tech staff,2,2,FRIDAY,0,0,0,0,0,0,Business Entity Type 3,0,1,0,0,0,0,0,0,0,0,0,0,0,0,0,0,0,0,0,0,0
306349,112500.0,741276.0,0.0196889999999999,-20290,-3150,-236.0,-3551,2.0,17,0.7438162564404076,0.6363761710860439,7.0,0.0,-1631.0,0.0,0.0,0.0,0.0,0.0,4.0,Cash loans,M,N,Y,"Spouse, partner",Commercial associate,Higher education,Married,House / apartment,1,1,0,1,0,0,Managers,2,2,WEDNESDAY,0,0,0,0,0,0,Self-employed,0,1,0,0,0,0,0,0,0,0,0,0,0,0,0,0,0,0,0,0,0
243215,112500.0,284400.0,0.0196889999999999,-23939,-5108,-10036.0,-4625,1.0,9,0.1753755172833063,0.7091891096653581,1.0,0.0,-941.0,0.0,0.0,0.0,0.0,0.0,2.0,Cash loans,F,Y,Y,Unaccompanied,Working,Secondary / secondary special,Single / not married,House / apartment,1,1,0,1,1,0,Cleaning staff,2,2,WEDNESDAY,0,0,0,0,0,0,Government,0,1,0,0,0,0,0,0,0,0,0,0,0,0,0,0,0,0,0,0,0
293147,229500.0,728460.0,0.0116569999999999,-18343,-926,-6595.0,-1852,2.0,14,0.4644723662432878,0.5814837058057234,4.0,0.0,0.0,0.0,0.0,0.0,0.0,0.0,2.0,Cash loans,M,Y,Y,Unaccompanied,Working,Secondary / secondary special,Married,House / apartment,1,1,0,1,0,0,High skill tech staff,1,1,FRIDAY,0,0,0,0,1,1,Construction,0,1,0,0,0,0,0,0,0,0,0,0,0,0,0,0,0,0,0,0,0
229075,193500.0,1288350.0,0.019101,-21363,0,-1515.0,-4380,2.0,10,0.6595191261945106,0.3606125659189888,0.0,0.0,-1515.0,0.0,0.0,0.0,0.0,0.0,0.0,Cash loans,F,Y,Y,Unaccompanied,Pensioner,Secondary / secondary special,Married,House / apartment,1,0,0,1,0,0,Laborers,2,2,SATURDAY,0,0,0,0,0,0,XNA,0,0,0,0,1,0,0,0,0,0,0,0,0,0,0,0,0,0,0,0,0
117115,90000.0,545040.0,0.02461,-14607,-947,-2239.0,-14,3.0,16,0.6137797935602317,0.501075160239048,1.0,0.0,-745.0,0.0,0.0,0.0,0.0,0.0,4.0,Cash loans,F,N,Y,Unaccompanied,Working,Secondary / secondary special,Married,House / apartment,1,1,0,1,0,0,Sales staff,2,2,TUESDAY,0,0,0,0,0,0,Self-employed,0,1,0,0,0,0,0,0,0,0,0,0,0,0,0,0,0,0,0,0,1
269492,202500.0,225000.0,0.005144,-13262,-1107,-13198.0,-3809,2.0,12,0.4406878357387424,0.2314393514998941,1.0,0.0,-180.0,0.0,0.0,0.0,0.0,1.0,4.0,Cash loans,M,Y,Y,Unaccompanied,Commercial associate,Secondary / secondary special,Married,House / apartment,1,1,0,1,1,0,Laborers,2,2,FRIDAY,0,0,0,0,1,1,Business Entity Type 3,0,1,0,0,0,0,0,0,0,0,0,0,0,0,0,0,0,0,0,0,1
455314,225000.0,790830.0,0.025164,-10858,-587,-1219.0,-2374,1.0,12,0.4205685158379167,0.6925590674998008,0.0,0.0,0.0,0.0,0.0,0.0,1.0,0.0,2.0,Cash loans,M,Y,Y,Unaccompanied,Working,Secondary / secondary special,Single / not married,House / apartment,1,1,0,1,0,1,Laborers,2,2,SATURDAY,0,0,0,1,1,0,Business Entity Type 3,0,1,0,0,0,0,0,0,0,0,0,0,0,0,0,0,0,0,0,0,1
295982,162000.0,180000.0,0.00963,-10292,-2023,-5078.0,-1048,3.0,12,0.0608760234173543,0.2353105173615833,6.0,0.0,-272.0,0.0,0.0,0.0,0.0,0.0,0.0,Revolving loans,F,N,Y,Unaccompanied,Working,Secondary / secondary special,Single / not married,House / apartment,1,1,1,1,1,0,Accountants,2,2,MONDAY,0,0,0,0,0,0,Business Entity Type 2,0,0,0,0,0,0,0,0,0,0,0,0,0,0,0,0,0,0,0,0,1
144255,112500.0,337500.0,0.015221,-16050,-1749,-6539.0,-4571,5.0,15,0.5592619780457152,0.6674577419214722,0.0,0.0,0.0,0.0,0.0,1.0,0.0,0.0,0.0,Cash loans,F,N,Y,Unaccompanied,Working,Secondary / secondary special,Married,House / apartment,1,1,0,1,0,0,Medicine staff,2,2,THURSDAY,0,0,0,0,0,0,Other,0,1,0,0,0,0,0,0,0,0,0,0,0,0,0,0,0,0,0,0,1
224962,81000.0,771493.5,0.006852,-20813,0,-8591.0,-8,2.0,6,0.0335007923333355,0.633031641417419,0.0,0.0,-2.0,0.0,2.0,2.0,0.0,0.0,0.0,Cash loans,F,N,N,Family,Pensioner,Higher education,Married,House / apartment,1,0,0,1,0,0,Laborers,3,3,WEDNESDAY,0,0,0,0,0,0,XNA,0,0,0,0,1,0,0,0,0,0,0,0,0,0,0,0,0,0,0,0,1
447778,49500.0,422451.0,0.015221,-18141,-733,-9122.0,-1662,2.0,9,0.0802375019381922,0.5352762504724826,0.0,0.0,-37.0,0.0,0.0,0.0,0.0,0.0,1.0,Cash loans,F,N,Y,Unaccompanied,Working,Secondary / secondary special,Married,House / apartment,1,1,0,1,1,0,Waiters/barmen staff,2,2,THURSDAY,0,0,0,0,0,0,Restaurant,0,1,0,0,0,0,0,0,0,0,0,0,0,0,0,0,0,0,0,0,1
234411,157500.0,1125000.0,0.010556,-16674,-1167,-4673.0,-224,3.0,16,0.4211654712864322,0.3077366963789207,1.0,1.0,-1071.0,0.0,0.0,0.0,0.0,1.0,1.0,Cash loans,F,N,Y,Unaccompanied,Working,Higher education,Married,House / apartment,1,1,1,1,1,0,High skill tech staff,3,3,TUESDAY,0,0,0,0,0,0,Other,0,1,0,0,0,0,0,0,0,0,0,0,0,0,0,0,0,0,0,0,1
141195,49500.0,320382.0,0.0105,-18495,-2914,-7982.0,-2050,2.0,9,0.368327140595718,0.22009464485041,0.0,0.0,-708.0,0.0,0.0,0.0,0.0,1.0,1.0,Cash loans,F,N,N,"Spouse, partner",Working,Higher education,Married,House / apartment,1,1,1,1,0,0,Laborers,3,3,THURSDAY,0,0,0,0,0,0,Hotel,0,1,0,0,0,0,0,0,0,0,0,0,0,0,0,0,0,0,0,0,1
206817,202500.0,545040.0,0.0066709999999999,-18307,-1220,-2482.0,-1859,2.0,18,0.1641388636704893,0.4668640059537032,0.0,0.0,-1474.0,0.0,0.0,0.0,1.0,0.0,5.0,Cash loans,M,N,Y,Unaccompanied,Working,Secondary / secondary special,Married,House / apartment,1,1,0,1,0,0,Laborers,2,2,TUESDAY,0,1,1,0,0,0,Business Entity Type 2,0,0,0,0,0,0,1,0,0,0,0,0,0,0,0,0,0,0,0,0,1
333506,180000.0,582768.0,0.0228,-16526,-975,-2093.0,-34,1.0,7,0.4989249067591286,0.4632753280912678,3.0,0.0,-2945.0,0.0,0.0,0.0,0.0,0.0,0.0,Cash loans,F,N,N,Unaccompanied,Working,Secondary / secondary special,Separated,Rented apartment,1,1,0,1,0,0,Accountants,2,2,TUESDAY,0,0,0,1,1,0,Other,0,1,0,0,0,0,0,0,0,0,0,0,0,0,0,0,0,0,0,0,1
382988,90000.0,612612.0,0.007305,-13748,-289,-4653.0,-4679,2.0,11,0.2932754955225512,0.0715326762805274,0.0,0.0,-70.0,0.0,0.0,0.0,0.0,2.0,3.0,Cash loans,M,N,N,Unaccompanied,Working,Secondary / secondary special,Married,House / apartment,1,1,1,1,1,0,Low-skill Laborers,3,3,SATURDAY,0,0,0,1,1,0,Business Entity Type 3,0,1,0,0,0,0,0,0,0,0,0,0,0,0,0,0,0,0,0,0,1
314142,67500.0,755190.0,0.011703,-22677,0,-4451.0,-4467,2.0,16,0.6957239547614918,0.524496446363472,2.0,1.0,-1992.0,0.0,0.0,0.0,0.0,0.0,4.0,Cash loans,F,N,Y,Unaccompanied,Pensioner,Secondary / secondary special,Married,House / apartment,1,0,0,1,0,0,Laborers,2,2,TUESDAY,0,0,0,0,0,0,XNA,0,0,0,0,1,0,0,0,0,0,0,0,0,0,0,0,0,0,0,0,1
425745,90000.0,225000.0,0.01885,-10753,-1578,-2830.0,-3326,2.0,18,0.5317654413648083,0.190705947811054,2.0,0.0,-1392.0,0.0,0.0,0.0,1.0,0.0,1.0,Cash loans,F,N,N,Unaccompanied,Working,Higher education,Married,House / apartment,1,1,0,1,1,0,Core staff,2,2,THURSDAY,0,0,0,0,0,0,Legal Services,0,1,0,0,0,0,0,0,0,0,0,0,0,0,0,0,0,0,0,0,1
364941,135000.0,1236816.0,0.00733,-14923,-3808,-8854.0,-4067,3.0,13,0.5263606573836362,0.4578995512067301,2.0,0.0,-975.0,0.0,0.0,0.0,1.0,0.0,0.0,Cash loans,F,N,Y,Unaccompanied,Working,Secondary / secondary special,Married,House / apartment,1,1,0,1,0,0,Laborers,2,2,THURSDAY,0,0,0,1,0,1,Business Entity Type 3,0,1,0,0,0,0,0,0,0,0,0,0,0,0,0,0,0,0,0,0,1
340889,81000.0,135000.0,0.031329,-7791,-192,-2644.0,-474,2.0,9,0.4275969622935951,0.2405414172860865,6.0,2.0,-275.0,0.0,0.0,0.0,0.0,0.0,0.0,Revolving loans,F,Y,N,Unaccompanied,Commercial associate,Secondary / secondary special,Single / not married,House / apartment,1,1,0,1,0,0,Sales staff,2,2,TUESDAY,0,0,0,1,1,0,Trade: type 7,0,0,0,0,0,0,0,0,0,0,0,0,0,0,0,0,0,0,0,0,1
334002,126000.0,67500.0,0.028663,-10955,-912,-525.0,-3093,3.0,10,0.0418125959555222,0.3606125659189888,10.0,0.0,-330.0,0.0,0.0,0.0,2.0,0.0,3.0,Cash loans,M,N,Y,Family,Working,Secondary / secondary special,Married,House / apartment,1,1,0,1,0,0,Laborers,2,2,WEDNESDAY,0,0,0,0,1,1,Industry: type 9,0,1,0,0,0,0,0,0,0,0,0,0,0,0,0,0,0,0,0,0,1
248356,135000.0,225000.0,0.018801,-13683,-2214,-1416.0,-1776,2.0,9,0.6045284393481609,0.7032033049040319,3.0,0.0,-1544.0,0.0,0.0,0.0,0.0,0.0,1.0,Revolving loans,F,Y,Y,Unaccompanied,Working,Secondary / secondary special,Married,House / apartment,1,1,0,1,0,0,Security staff,2,2,WEDNESDAY,0,0,0,0,1,1,Business Entity Type 2,0,0,0,0,0,0,0,0,0,0,0,0,0,0,0,0,0,0,0,0,1
236193,202500.0,1185282.0,0.00702,-18544,-2286,-8298.0,-2090,2.0,11,0.5118573565170821,0.2735646775174348,1.0,0.0,0.0,0.0,0.0,0.0,0.0,0.0,3.0,Cash loans,F,N,N,Unaccompanied,State servant,Secondary / secondary special,Married,House / apartment,1,1,0,1,0,0,Secretaries,2,2,SATURDAY,0,0,0,0,0,0,Other,0,1,0,0,0,0,0,0,0,0,0,0,0,0,0,0,0,0,0,0,1
305264,135000.0,327024.0,0.01885,-19013,-2227,-5486.0,-2485,2.0,9,0.6619113286294069,0.5352762504724826,4.0,0.0,-815.0,0.0,0.0,0.0,0.0,0.0,1.0,Cash loans,F,N,Y,Unaccompanied,Working,Secondary / secondary special,Married,House / apartment,1,1,0,1,0,0,Laborers,2,2,TUESDAY,0,0,0,0,0,0,School,0,1,0,0,0,0,0,0,0,0,0,0,0,0,0,0,0,0,0,0,1
